date,spot
2004-05-14,0.03094
2004-05-17,0.03013
2004-05-18,0.03068
2004-05-19,0.03145
2004-05-20,0.03091
2004-05-21,0.0315
2004-05-24,0.03142
2004-05-25,0.03131
2004-05-26,0.03044
2004-05-27,0.02967
2004-05-28,0.03076
2004-05-31,0.03076
2004-06-01,0.0313
2004-06-02,0.03179
2004-06-03,0.03171
2004-06-04,0.03247
2004-06-07,0.03198
2004-06-08,0.03243
2004-06-09,0.03312
2004-06-10,0.03339
2004-06-11,0.03347
2004-06-14,0.03489
2004-06-15,0.03314
2004-06-16,0.03368
2004-06-17,0.03329
2004-06-18,0.03343
2004-06-21,0.03321
2004-06-22,0.03346
2004-06-23,0.03327
2004-06-24,0.03287
2004-06-25,0.03293
2004-06-28,0.03417
2004-06-29,0.03387
2004-06-30,0.03258
2004-07-01,0.03186
2004-07-02,0.03061
2004-07-05,0.03061
2004-07-06,0.03076
2004-07-07,0.03067
2004-07-08,0.03059
2004-07-09,0.03055
2004-07-12,0.03067
2004-07-13,0.03113
2004-07-14,0.0314
2004-07-15,0.03169
2004-07-16,0.03056
2004-07-19,0.03078
2004-07-20,0.03198
2004-07-21,0.03249
2004-07-22,0.03235
2004-07-23,0.03226
2004-07-26,0.03273
2004-07-27,0.03354
2004-07-28,0.03309
2004-07-29,0.03275
2004-07-30,0.0319
2004-08-02,0.0317
2004-08-03,0.03155
2004-08-04,0.03166
2004-08-05,0.03147
2004-08-06,0.02864
2004-08-09,0.0292
2004-08-10,0.03007
2004-08-11,0.02977
2004-08-12,0.02975
2004-08-13,0.02911
2004-08-16,0.02955
2004-08-17,0.02892
2004-08-18,0.02894
2004-08-19,0.0288
2004-08-20,0.02913
2004-08-23,0.0296
2004-08-24,0.02961
2004-08-25,0.02962
2004-08-26,0.02949
2004-08-27,0.02951
2004-08-30,0.02951
2004-08-31,0.02861
2004-09-01,0.02838
2004-09-02,0.02911
2004-09-03,0.03083
2004-09-06,0.03083
2004-09-07,0.03058
2004-09-08,0.02941
2004-09-09,0.02955
2004-09-10,0.02948
2004-09-13,0.02932
2004-09-14,0.02901
2004-09-15,0.02947
2004-09-16,0.02851
2004-09-17,0.0295
2004-09-20,0.02872
2004-09-21,0.02908
2004-09-22,0.02894
2004-09-23,0.02967
2004-09-24,0.03012
2004-09-27,0.0298
2004-09-28,0.02962
2004-09-29,0.03037
2004-09-30,0.03032
2004-10-01,0.03059
2004-10-04,0.03092
2004-10-05,0.03071
2004-10-06,0.03127
2004-10-07,0.03138
2004-10-08,0.03011
2004-10-11,0.03011
2004-10-12,0.02967
2004-10-13,0.02924
2004-10-14,0.0288
2004-10-15,0.02935
2004-10-18,0.02943
2004-10-19,0.02953
2004-10-20,0.0291
2004-10-21,0.02953
2004-10-22,0.02933
2004-10-25,0.02917
2004-10-26,0.02929
2004-10-27,0.03022
2004-10-28,0.03012
2004-10-29,0.02978
2004-11-01,0.03035
2004-11-02,0.0303
2004-11-03,0.03009
2004-11-04,0.03049
2004-11-05,0.03246
2004-11-08,0.03259
2004-11-09,0.03258
2004-11-10,0.033
2004-11-11,0.033
2004-11-12,0.0328
2004-11-15,0.03322
2004-11-16,0.03355
2004-11-17,0.03279
2004-11-18,0.03305
2004-11-19,0.03379
2004-11-22,0.03386
2004-11-23,0.0341
2004-11-24,0.03439
2004-11-25,0.03439
2004-11-26,0.03466
2004-11-29,0.03511
2004-11-30,0.03468
2004-12-01,0.03466
2004-12-02,0.03488
2004-12-03,0.03371
2004-12-06,0.03349
2004-12-07,0.03359
2004-12-08,0.03321
2004-12-09,0.03342
2004-12-10,0.03355
2004-12-13,0.03394
2004-12-14,0.03399
2004-12-15,0.03374
2004-12-16,0.03441
2004-12-17,0.03473
2004-12-20,0.03509
2004-12-21,0.03497
2004-12-22,0.03483
2004-12-23,0.03484
2004-12-24,0.03484
2004-12-27,0.03484
2004-12-28,0.03484
2004-12-29,0.03558
2004-12-30,0.03529
2004-12-31,0.03508
2005-01-03,0.03508
2005-01-04,0.03617
2005-01-05,0.03628
2005-01-06,0.03597
2005-01-07,0.03639
2005-01-10,0.0366
2005-01-11,0.03662
2005-01-12,0.0365
2005-01-13,0.03622
2005-01-14,0.03673
2005-01-17,0.03673
2005-01-18,0.03681
2005-01-19,0.03674
2005-01-20,0.03628
2005-01-21,0.03579
2005-01-24,0.03611
2005-01-25,0.03642
2005-01-26,0.03674
2005-01-27,0.03689
2005-01-28,0.03635
2005-01-31,0.03684
2005-02-01,0.03681
2005-02-02,0.03722
2005-02-03,0.03753
2005-02-04,0.03691
2005-02-07,0.03713
2005-02-08,0.03726
2005-02-09,0.03629
2005-02-10,0.0368
2005-02-11,0.03731
2005-02-14,0.0376
2005-02-15,0.03764
2005-02-16,0.03826
2005-02-17,0.038
2005-02-18,0.03867
2005-02-21,0.03867
2005-02-22,0.03882
2005-02-23,0.039
2005-02-24,0.03933
2005-02-25,0.03954
2005-02-28,0.04021
2005-03-01,0.04025
2005-03-02,0.04003
2005-03-03,0.04028
2005-03-04,0.03995
2005-03-07,0.04028
2005-03-08,0.04046
2005-03-09,0.04098
2005-03-10,0.04115
2005-03-11,0.04173
2005-03-14,0.04196
2005-03-15,0.04214
2005-03-16,0.04194
2005-03-17,0.04164
2005-03-18,0.04183
2005-03-21,0.04203
2005-03-22,0.04301
2005-03-23,0.04344
2005-03-24,0.04345
2005-03-25,0.04345
2005-03-28,0.04345
2005-03-29,0.04349
2005-03-30,0.04351
2005-03-31,0.04279
2005-04-01,0.0422
2005-04-04,0.04224
2005-04-05,0.04235
2005-04-06,0.04181
2005-04-07,0.04206
2005-04-08,0.04253
2005-04-11,0.04235
2005-04-12,0.04196
2005-04-13,0.0414
2005-04-14,0.04088
2005-04-15,0.0401
2005-04-18,0.03992
2005-04-19,0.03938
2005-04-20,0.0396
2005-04-21,0.0408
2005-04-22,0.04061
2005-04-25,0.04085
2005-04-26,0.04103
2005-04-27,0.04069
2005-04-28,0.04006
2005-04-29,0.04074
2005-05-02,0.04074
2005-05-03,0.04095
2005-05-04,0.04031
2005-05-05,0.03971
2005-05-06,0.04143
2005-05-09,0.04176
2005-05-10,0.04117
2005-05-11,0.04107
2005-05-12,0.04079
2005-05-13,0.04024
2005-05-16,0.04022
2005-05-17,0.04028
2005-05-18,0.0399
2005-05-19,0.04056
2005-05-20,0.04104
2005-05-23,0.0406
2005-05-24,0.04021
2005-05-25,0.04008
2005-05-26,0.04042
2005-05-27,0.04044
2005-05-30,0.04044
2005-05-31,0.03992
2005-06-01,0.03872
2005-06-02,0.03887
2005-06-03,0.03938
2005-06-06,0.03949
2005-06-07,0.03922
2005-06-08,0.03967
2005-06-09,0.04005
2005-06-10,0.0409
2005-06-13,0.0409
2005-06-14,0.04101
2005-06-15,0.0412
2005-06-16,0.04082
2005-06-17,0.04092
2005-06-20,0.04108
2005-06-21,0.04079
2005-06-22,0.03982
2005-06-23,0.03996
2005-06-24,0.03938
2005-06-27,0.03947
2005-06-28,0.04012
2005-06-29,0.04037
2005-06-30,0.04032
2005-07-01,0.04135
2005-07-04,0.04135
2005-07-05,0.04187
2005-07-06,0.04163
2005-07-07,0.04113
2005-07-08,0.04184
2005-07-11,0.04201
2005-07-12,0.04219
2005-07-13,0.04234
2005-07-14,0.04247
2005-07-15,0.04259
2005-07-18,0.04289
2005-07-19,0.04271
2005-07-20,0.04286
2005-07-21,0.04359
2005-07-22,0.04323
2005-07-25,0.04355
2005-07-26,0.04358
2005-07-27,0.04396
2005-07-28,0.04367
2005-07-29,0.0443
2005-08-01,0.04457
2005-08-02,0.04469
2005-08-03,0.04435
2005-08-04,0.04458
2005-08-05,0.0454
2005-08-08,0.0458
2005-08-09,0.0455
2005-08-10,0.04545
2005-08-11,0.04498
2005-08-12,0.04448
2005-08-15,0.04485
2005-08-16,0.04437
2005-08-17,0.04469
2005-08-18,0.04418
2005-08-19,0.04432
2005-08-22,0.04428
2005-08-23,0.04397
2005-08-24,0.04404
2005-08-25,0.04408
2005-08-26,0.04474
2005-08-29,0.04474
2005-08-30,0.04335
2005-08-31,0.04212
2005-09-01,0.04103
2005-09-02,0.04137
2005-09-05,0.04137
2005-09-06,0.04208
2005-09-07,0.04267
2005-09-08,0.04276
2005-09-09,0.04273
2005-09-12,0.04311
2005-09-13,0.04267
2005-09-14,0.04283
2005-09-15,0.04309
2005-09-16,0.04375
2005-09-19,0.04337
2005-09-20,0.04405
2005-09-21,0.04368
2005-09-22,0.04353
2005-09-23,0.04437
2005-09-26,0.04482
2005-09-27,0.04509
2005-09-28,0.04507
2005-09-29,0.04546
2005-09-30,0.04614
2005-10-03,0.04659
2005-10-04,0.04653
2005-10-05,0.04639
2005-10-06,0.04622
2005-10-07,0.04628
2005-10-10,0.04628
2005-10-11,0.04658
2005-10-12,0.04689
2005-10-13,0.04693
2005-10-14,0.04724
2005-10-17,0.04726
2005-10-18,0.04709
2005-10-19,0.0469
2005-10-20,0.04713
2005-10-21,0.04656
2005-10-24,0.04701
2005-10-25,0.04759
2005-10-26,0.04831
2005-10-27,0.04811
2005-10-28,0.04835
2005-10-31,0.04849
2005-11-01,0.04886
2005-11-02,0.04904
2005-11-03,0.04949
2005-11-04,0.04954
2005-11-07,0.04945
2005-11-08,0.04899
2005-11-09,0.04956
2005-11-10,0.04905
2005-11-11,0.04905
2005-11-14,0.04961
2005-11-15,0.04935
2005-11-16,0.04871
2005-11-17,0.04814
2005-11-18,0.04859
2005-11-21,0.04818
2005-11-22,0.04745
2005-11-23,0.04797
2005-11-24,0.04797
2005-11-25,0.04763
2005-11-28,0.04762
2005-11-29,0.04837
2005-11-30,0.04867
2005-12-01,0.04907
2005-12-02,0.04905
2005-12-05,0.0494
2005-12-06,0.04879
2005-12-07,0.04889
2005-12-08,0.04828
2005-12-09,0.04905
2005-12-12,0.04921
2005-12-13,0.04893
2005-12-14,0.04825
2005-12-15,0.04843
2005-12-16,0.0483
2005-12-19,0.04846
2005-12-20,0.04886
2005-12-21,0.04918
2005-12-22,0.0488
2005-12-23,0.04837
2005-12-26,0.04837
2005-12-27,0.04837
2005-12-28,0.04825
2005-12-29,0.04842
2005-12-30,0.04859
2006-01-02,0.04859
2006-01-03,0.048
2006-01-04,0.04766
2006-01-05,0.04766
2006-01-06,0.04793
2006-01-09,0.04781
2006-01-10,0.04828
2006-01-11,0.04861
2006-01-12,0.04809
2006-01-13,0.04754
2006-01-16,0.04754
2006-01-17,0.0474
2006-01-18,0.04743
2006-01-19,0.04786
2006-01-20,0.04769
2006-01-23,0.04762
2006-01-24,0.04785
2006-01-25,0.04864
2006-01-26,0.04902
2006-01-27,0.04903
2006-01-30,0.04941
2006-01-31,0.04953
2006-02-01,0.0501
2006-02-02,0.05012
2006-02-03,0.05015
2006-02-06,0.05044
2006-02-07,0.05029
2006-02-08,0.05063
2006-02-09,0.05072
2006-02-10,0.05101
2006-02-13,0.05094
2006-02-14,0.0511
2006-02-15,0.05117
2006-02-16,0.05113
2006-02-17,0.05082
2006-02-20,0.05082
2006-02-21,0.05118
2006-02-22,0.05101
2006-02-23,0.05149
2006-02-24,0.05137
2006-02-27,0.05147
2006-02-28,0.05098
2006-03-01,0.05129
2006-03-02,0.05152
2006-03-03,0.05186
2006-03-06,0.05217
2006-03-07,0.05223
2006-03-08,0.05208
2006-03-09,0.05211
2006-03-10,0.0523
2006-03-13,0.05248
2006-03-14,0.05143
2006-03-15,0.05162
2006-03-16,0.05056
2006-03-17,0.0508
2006-03-20,0.05075
2006-03-21,0.05156
2006-03-22,0.05174
2006-03-23,0.05207
2006-03-24,0.0513
2006-03-27,0.05147
2006-03-28,0.0523
2006-03-29,0.05256
2006-03-30,0.05297
2006-03-31,0.0529
2006-04-03,0.05322
2006-04-04,0.05291
2006-04-05,0.05253
2006-04-06,0.05284
2006-04-07,0.05339
2006-04-10,0.05346
2006-04-11,0.05324
2006-04-12,0.05354
2006-04-13,0.05396
2006-04-14,0.05396
2006-04-17,0.05396
2006-04-18,0.05274
2006-04-19,0.05302
2006-04-20,0.05321
2006-04-21,0.05335
2006-04-24,0.05319
2006-04-25,0.05382
2006-04-26,0.05433
2006-04-27,0.05347
2006-04-28,0.05314
2006-05-01,0.05314
2006-05-02,0.0538
2006-05-03,0.05408
2006-05-04,0.05436
2006-05-05,0.0539
2006-05-08,0.05427
2006-05-09,0.05423
2006-05-10,0.05444
2006-05-11,0.05441
2006-05-12,0.0545
2006-05-15,0.05428
2006-05-16,0.05384
2006-05-17,0.0543
2006-05-18,0.05384
2006-05-19,0.0542
2006-05-22,0.05397
2006-05-23,0.05419
2006-05-24,0.05383
2006-05-25,0.05407
2006-05-26,0.05387
2006-05-29,0.05387
2006-05-30,0.05432
2006-05-31,0.05495
2006-06-01,0.05488
2006-06-02,0.05352
2006-06-05,0.0542
2006-06-06,0.05438
2006-06-07,0.05466
2006-06-08,0.05442
2006-06-09,0.05452
2006-06-12,0.05464
2006-06-13,0.05443
2006-06-14,0.05547
2006-06-15,0.05589
2006-06-16,0.05616
2006-06-19,0.05644
2006-06-20,0.0566
2006-06-21,0.0566
2006-06-22,0.05704
2006-06-23,0.05734
2006-06-26,0.05739
2006-06-27,0.05721
2006-06-28,0.05757
2006-06-29,0.05674
2006-06-30,0.05632
2006-07-03,0.05652
2006-07-04,0.05652
2006-07-05,0.05732
2006-07-06,0.05703
2006-07-07,0.05651
2006-07-10,0.05657
2006-07-11,0.05628
2006-07-12,0.05634
2006-07-13,0.05586
2006-07-14,0.05558
2006-07-17,0.0558
2006-07-18,0.05653
2006-07-19,0.05556
2006-07-20,0.05498
2006-07-21,0.05515
2006-07-24,0.05523
2006-07-25,0.0554
2006-07-26,0.05496
2006-07-27,0.05477
2006-07-28,0.05413
2006-07-31,0.05398
2006-08-01,0.05394
2006-08-02,0.05391
2006-08-03,0.05417
2006-08-04,0.05338
2006-08-07,0.05372
2006-08-08,0.05333
2006-08-09,0.05346
2006-08-10,0.05356
2006-08-11,0.05402
2006-08-14,0.05459
2006-08-15,0.05379
2006-08-16,0.05307
2006-08-17,0.05317
2006-08-18,0.05284
2006-08-21,0.05279
2006-08-22,0.05276
2006-08-23,0.05285
2006-08-24,0.05284
2006-08-25,0.05256
2006-08-28,0.05256
2006-08-29,0.05256
2006-08-30,0.05223
2006-08-31,0.0518
2006-09-01,0.05164
2006-09-04,0.05164
2006-09-05,0.05193
2006-09-06,0.05212
2006-09-07,0.05216
2006-09-08,0.05196
2006-09-11,0.05235
2006-09-12,0.05217
2006-09-13,0.05198
2006-09-14,0.05238
2006-09-15,0.05275
2006-09-18,0.05291
2006-09-19,0.0521
2006-09-20,0.05208
2006-09-21,0.0509
2006-09-22,0.05057
2006-09-25,0.05025
2006-09-26,0.05067
2006-09-27,0.05062
2006-09-28,0.05075
2006-09-29,0.05089
2006-10-02,0.05049
2006-10-03,0.05051
2006-10-04,0.04979
2006-10-05,0.05032
2006-10-06,0.05126
2006-10-09,0.05126
2006-10-10,0.05209
2006-10-11,0.05254
2006-10-12,0.05238
2006-10-13,0.0526
2006-10-16,0.05242
2006-10-17,0.05222
2006-10-18,0.05224
2006-10-19,0.05238
2006-10-20,0.05246
2006-10-23,0.05286
2006-10-24,0.05287
2006-10-25,0.05244
2006-10-26,0.0517
2006-10-27,0.05116
2006-10-30,0.05122
2006-10-31,0.05052
2006-11-01,0.04992
2006-11-02,0.05028
2006-11-03,0.05191
2006-11-06,0.05184
2006-11-07,0.05122
2006-11-08,0.05098
2006-11-09,0.05089
2006-11-10,0.0506
2006-11-13,0.05085
2006-11-14,0.05043
2006-11-15,0.05115
2006-11-16,0.05143
2006-11-17,0.05062
2006-11-20,0.05066
2006-11-21,0.05058
2006-11-22,0.05047
2006-11-23,0.05047
2006-11-24,0.05028
2006-11-27,0.0501
2006-11-28,0.04972
2006-11-29,0.04983
2006-11-30,0.04916
2006-12-01,0.04808
2006-12-04,0.04808
2006-12-05,0.04807
2006-12-06,0.04873
2006-12-07,0.04896
2006-12-08,0.04995
2006-12-11,0.04976
2006-12-12,0.04923
2006-12-13,0.05015
2006-12-14,0.05041
2006-12-15,0.05039
2006-12-18,0.0504
2006-12-19,0.05045
2006-12-20,0.05044
2006-12-21,0.04985
2006-12-22,0.04985
2006-12-25,0.04985
2006-12-26,0.04985
2006-12-27,0.05104
2006-12-28,0.05131
2006-12-29,0.05131
2007-01-01,0.05131
2007-01-02,0.05123
2007-01-03,0.05083
2007-01-04,0.05026
2007-01-05,0.05071
2007-01-08,0.05096
2007-01-09,0.05111
2007-01-10,0.05137
2007-01-11,0.0519
2007-01-12,0.05213
2007-01-15,0.05213
2007-01-16,0.05205
2007-01-17,0.05252
2007-01-18,0.05221
2007-01-19,0.05252
2007-01-22,0.05234
2007-01-23,0.0526
2007-01-24,0.05259
2007-01-25,0.05313
2007-01-26,0.05329
2007-01-29,0.05354
2007-01-30,0.05331
2007-01-31,0.05295
2007-02-01,0.0531
2007-02-02,0.05279
2007-02-05,0.05254
2007-02-06,0.05224
2007-02-07,0.05203
2007-02-08,0.05204
2007-02-09,0.05257
2007-02-12,0.05281
2007-02-13,0.05289
2007-02-14,0.05197
2007-02-15,0.05156
2007-02-16,0.05166
2007-02-19,0.05166
2007-02-20,0.05145
2007-02-21,0.05169
2007-02-22,0.0521
2007-02-23,0.05161
2007-02-26,0.05117
2007-02-27,0.04946
2007-02-28,0.05
2007-03-01,0.04991
2007-03-02,0.04942
2007-03-05,0.04942
2007-03-06,0.04954
2007-03-07,0.04912
2007-03-08,0.04928
2007-03-09,0.05037
2007-03-12,0.04999
2007-03-13,0.04897
2007-03-14,0.04919
2007-03-15,0.04948
2007-03-16,0.04965
2007-03-19,0.0499
2007-03-20,0.04964
2007-03-21,0.04874
2007-03-22,0.0494
2007-03-23,0.0497
2007-03-26,0.0494
2007-03-27,0.04948
2007-03-28,0.04933
2007-03-29,0.04961
2007-03-30,0.04972
2007-04-02,0.04969
2007-04-03,0.05008
2007-04-04,0.04986
2007-04-05,0.05005
2007-04-06,0.05005
2007-04-09,0.05005
2007-04-10,0.05084
2007-04-11,0.05103
2007-04-12,0.05104
2007-04-13,0.05137
2007-04-16,0.05112
2007-04-17,0.05042
2007-04-18,0.05003
2007-04-19,0.04998
2007-04-20,0.05016
2007-04-23,0.04991
2007-04-24,0.04957
2007-04-25,0.0499
2007-04-26,0.05047
2007-04-27,0.05056
2007-04-30,0.04986
2007-05-01,0.05025
2007-05-02,0.05035
2007-05-03,0.05078
2007-05-04,0.05047
2007-05-07,0.05047
2007-05-08,0.05055
2007-05-09,0.05102
2007-05-10,0.05072
2007-05-11,0.05091
2007-05-14,0.05113
2007-05-15,0.05127
2007-05-16,0.0512
2007-05-17,0.05172
2007-05-18,0.05215
2007-05-21,0.05197
2007-05-22,0.05231
2007-05-23,0.05243
2007-05-24,0.05242
2007-05-25,0.05248
2007-05-28,0.05248
2007-05-29,0.05286
2007-05-30,0.05295
2007-05-31,0.05329
2007-06-01,0.05394
2007-06-04,0.05387
2007-06-05,0.05414
2007-06-06,0.05379
2007-06-07,0.05448
2007-06-08,0.05454
2007-06-11,0.05451
2007-06-12,0.05521
2007-06-13,0.05522
2007-06-14,0.05534
2007-06-15,0.05488
2007-06-18,0.05457
2007-06-19,0.05401
2007-06-20,0.05438
2007-06-21,0.05445
2007-06-22,0.05405
2007-06-25,0.05357
2007-06-26,0.05383
2007-06-27,0.05362
2007-06-28,0.05427
2007-06-29,0.05362
2007-07-02,0.05332
2007-07-03,0.05373
2007-07-04,0.05373
2007-07-05,0.05452
2007-07-06,0.0548
2007-07-09,0.0546
2007-07-10,0.05364
2007-07-11,0.05383
2007-07-12,0.05419
2007-07-13,0.05417
2007-07-16,0.05359
2007-07-17,0.05405
2007-07-18,0.05339
2007-07-19,0.05348
2007-07-20,0.05293
2007-07-23,0.05319
2007-07-24,0.05289
2007-07-25,0.05258
2007-07-26,0.05104
2007-07-27,0.05075
2007-07-30,0.05093
2007-07-31,0.05081
2007-08-01,0.05066
2007-08-02,0.05083
2007-08-03,0.04997
2007-08-06,0.05024
2007-08-07,0.05049
2007-08-08,0.05138
2007-08-09,0.05002
2007-08-10,0.04988
2007-08-13,0.05003
2007-08-14,0.04963
2007-08-15,0.04902
2007-08-16,0.04755
2007-08-17,0.04799
2007-08-20,0.04794
2007-08-21,0.0477
2007-08-22,0.04849
2007-08-23,0.04896
2007-08-24,0.0496
2007-08-27,0.0496
2007-08-28,0.04797
2007-08-29,0.04832
2007-08-30,0.04771
2007-08-31,0.04851
2007-09-03,0.04851
2007-09-04,0.04852
2007-09-05,0.04735
2007-09-06,0.04774
2007-09-07,0.04575
2007-09-10,0.04552
2007-09-11,0.0465
2007-09-12,0.04665
2007-09-13,0.04728
2007-09-14,0.04685
2007-09-17,0.04714
2007-09-18,0.04571
2007-09-19,0.0456
2007-09-20,0.04689
2007-09-21,0.04654
2007-09-24,0.04675
2007-09-25,0.04656
2007-09-26,0.04623
2007-09-27,0.04565
2007-09-28,0.04605
2007-10-01,0.04659
2007-10-02,0.04631
2007-10-03,0.04671
2007-10-04,0.04661
2007-10-05,0.04769
2007-10-08,0.04769
2007-10-09,0.04813
2007-10-10,0.04814
2007-10-11,0.04766
2007-10-12,0.04828
2007-10-15,0.04801
2007-10-16,0.04738
2007-10-17,0.04624
2007-10-18,0.04566
2007-10-19,0.04451
2007-10-22,0.0446
2007-10-23,0.04444
2007-10-24,0.04342
2007-10-25,0.04346
2007-10-26,0.04372
2007-10-29,0.04414
2007-10-30,0.04426
2007-10-31,0.04543
2007-11-01,0.04435
2007-11-02,0.04332
2007-11-05,0.04394
2007-11-06,0.04414
2007-11-07,0.04365
2007-11-08,0.04252
2007-11-09,0.04226
2007-11-12,0.04226
2007-11-13,0.04283
2007-11-14,0.04297
2007-11-15,0.0415
2007-11-16,0.04148
2007-11-19,0.04096
2007-11-20,0.04084
2007-11-21,0.03983
2007-11-22,0.03983
2007-11-23,0.03974
2007-11-26,0.03811
2007-11-27,0.03911
2007-11-28,0.03967
2007-11-29,0.03864
2007-11-30,0.03845
2007-12-03,0.03788
2007-12-04,0.03779
2007-12-05,0.03778
2007-12-06,0.03882
2007-12-07,0.0402
2007-12-10,0.04065
2007-12-11,0.0394
2007-12-12,0.03959
2007-12-13,0.04033
2007-12-14,0.04123
2007-12-17,0.04068
2007-12-18,0.03962
2007-12-19,0.03893
2007-12-20,0.03826
2007-12-21,0.0394
2007-12-24,0.03977
2007-12-25,0.03977
2007-12-26,0.03977
2007-12-27,0.03948
2007-12-28,0.03817
2007-12-31,0.03754
2008-01-01,0.03754
2008-01-02,0.03586
2008-01-03,0.03564
2008-01-04,0.03443
2008-01-07,0.03454
2008-01-08,0.03443
2008-01-09,0.03386
2008-01-10,0.03376
2008-01-11,0.03209
2008-01-14,0.03167
2008-01-15,0.03122
2008-01-16,0.03113
2008-01-17,0.03028
2008-01-18,0.02973
2008-01-21,0.02973
2008-01-22,0.02669
2008-01-23,0.026
2008-01-24,0.02895
2008-01-25,0.0286
2008-01-28,0.02848
2008-01-29,0.02922
2008-01-30,0.02923
2008-01-31,0.02845
2008-02-01,0.02805
2008-02-04,0.02797
2008-02-05,0.02691
2008-02-06,0.0269
2008-02-07,0.02737
2008-02-08,0.02683
2008-02-11,0.02684
2008-02-12,0.02715
2008-02-13,0.02677
2008-02-14,0.02734
2008-02-15,0.02753
2008-02-18,0.02753
2008-02-19,0.02933
2008-02-20,0.03024
2008-02-21,0.02852
2008-02-22,0.029
2008-02-25,0.02999
2008-02-26,0.02895
2008-02-27,0.02826
2008-02-28,0.02733
2008-02-29,0.02501
2008-03-03,0.02508
2008-03-04,0.02576
2008-03-05,0.02686
2008-03-06,0.02654
2008-03-07,0.02536
2008-03-10,0.0249
2008-03-11,0.02656
2008-03-12,0.02536
2008-03-13,0.02506
2008-03-14,0.02297
2008-03-17,0.02126
2008-03-18,0.02342
2008-03-19,0.02281
2008-03-20,0.02402
2008-03-21,0.02402
2008-03-24,0.02402
2008-03-25,0.02597
2008-03-26,0.02548
2008-03-27,0.02553
2008-03-28,0.02514
2008-03-31,0.02441
2008-04-01,0.02613
2008-04-02,0.02737
2008-04-03,0.02774
2008-04-04,0.02628
2008-04-07,0.02713
2008-04-08,0.02681
2008-04-09,0.02569
2008-04-10,0.02651
2008-04-11,0.02576
2008-04-14,0.02632
2008-04-15,0.02756
2008-04-16,0.02961
2008-04-17,0.03098
2008-04-18,0.03141
2008-04-21,0.03117
2008-04-22,0.0316
2008-04-23,0.03145
2008-04-24,0.03308
2008-04-25,0.03334
2008-04-28,0.03266
2008-04-29,0.03226
2008-04-30,0.03142
2008-05-01,0.03192
2008-05-02,0.03261
2008-05-05,0.03261
2008-05-06,0.0321
2008-05-07,0.03159
2008-05-08,0.03059
2008-05-09,0.03067
2008-05-12,0.03119
2008-05-13,0.03366
2008-05-14,0.03454
2008-05-15,0.03305
2008-05-16,0.03295
2008-05-19,0.03234
2008-05-20,0.03145
2008-05-21,0.03228
2008-05-22,0.03386
2008-05-23,0.03296
2008-05-26,0.03296
2008-05-27,0.03401
2008-05-28,0.03519
2008-05-29,0.03566
2008-05-30,0.03525
2008-06-02,0.03407
2008-06-03,0.0333
2008-06-04,0.03335
2008-06-05,0.03427
2008-06-06,0.03389
2008-06-09,0.03753
2008-06-10,0.03937
2008-06-11,0.03824
2008-06-12,0.0402
2008-06-13,0.04063
2008-06-16,0.04082
2008-06-17,0.03967
2008-06-18,0.03857
2008-06-19,0.03911
2008-06-20,0.03842
2008-06-23,0.03953
2008-06-24,0.03868
2008-06-25,0.03808
2008-06-26,0.0366
2008-06-27,0.03639
2008-06-30,0.03629
2008-07-01,0.03641
2008-07-02,0.03613
2008-07-03,0.03594
2008-07-04,0.03594
2008-07-07,0.03524
2008-07-08,0.03471
2008-07-09,0.03387
2008-07-10,0.03421
2008-07-11,0.03549
2008-07-14,0.03455
2008-07-15,0.03378
2008-07-16,0.03428
2008-07-17,0.03629
2008-07-18,0.03713
2008-07-21,0.03709
2008-07-22,0.03768
2008-07-23,0.03825
2008-07-24,0.03612
2008-07-25,0.03698
2008-07-28,0.03566
2008-07-29,0.03608
2008-07-30,0.03572
2008-07-31,0.03503
2008-08-01,0.0351
2008-08-04,0.0356
2008-08-05,0.03548
2008-08-06,0.03584
2008-08-07,0.03468
2008-08-08,0.03517
2008-08-11,0.03565
2008-08-12,0.0344
2008-08-13,0.03484
2008-08-14,0.03465
2008-08-15,0.03448
2008-08-18,0.03444
2008-08-19,0.03403
2008-08-20,0.03321
2008-08-21,0.03383
2008-08-22,0.03479
2008-08-25,0.03479
2008-08-26,0.0339
2008-08-27,0.03335
2008-08-28,0.03374
2008-08-29,0.03382
2008-09-01,0.03382
2008-09-02,0.03304
2008-09-03,0.03275
2008-09-04,0.03203
2008-09-05,0.03263
2008-09-08,0.03225
2008-09-09,0.03187
2008-09-10,0.03187
2008-09-11,0.03145
2008-09-12,0.03216
2008-09-15,0.02809
2008-09-16,0.02968
2008-09-17,0.02925
2008-09-18,0.03017
2008-09-19,0.03369
2008-09-22,0.03402
2008-09-23,0.03518
2008-09-24,0.03609
2008-09-25,0.03647
2008-09-26,0.03488
2008-09-29,0.03113
2008-09-30,0.03471
2008-10-01,0.0336
2008-10-02,0.0325
2008-10-03,0.03083
2008-10-06,0.02677
2008-10-07,0.02716
2008-10-08,0.0283
2008-10-09,0.0307
2008-10-10,0.03005
2008-10-13,0.03011
2008-10-14,0.02986
2008-10-15,0.02929
2008-10-16,0.02842
2008-10-17,0.02733
2008-10-20,0.02732
2008-10-21,0.02517
2008-10-22,0.0257
2008-10-23,0.02617
2008-10-24,0.02736
2008-10-27,0.02743
2008-10-28,0.02742
2008-10-29,0.02652
2008-10-30,0.02713
2008-10-31,0.02757
2008-11-03,0.02679
2008-11-04,0.02499
2008-11-05,0.02406
2008-11-06,0.02378
2008-11-07,0.02437
2008-11-10,0.02337
2008-11-11,0.02337
2008-11-12,0.02237
2008-11-13,0.02369
2008-11-14,0.0243
2008-11-17,0.02318
2008-11-18,0.02252
2008-11-19,0.02156
2008-11-20,0.02034
2008-11-21,0.02178
2008-11-24,0.02379
2008-11-25,0.02136
2008-11-26,0.02132
2008-11-27,0.02132
2008-11-28,0.02106
2008-12-01,0.01975
2008-12-02,0.01968
2008-12-03,0.01976
2008-12-04,0.01999
2008-12-05,0.02147
2008-12-08,0.02147
2008-12-09,0.02019
2008-12-10,0.0194
2008-12-11,0.01855
2008-12-12,0.01843
2008-12-15,0.018
2008-12-16,0.01513
2008-12-17,0.01545
2008-12-18,0.01553
2008-12-19,0.01534
2008-12-22,0.01608
2008-12-23,0.01575
2008-12-24,0.01614
2008-12-25,0.01614
2008-12-26,0.01614
2008-12-29,0.01478
2008-12-30,0.01454
2008-12-31,0.01486
2009-01-01,0.01486
2009-01-02,0.01682
2009-01-05,0.01596
2009-01-06,0.01513
2009-01-07,0.01451
2009-01-08,0.01412
2009-01-09,0.0132
2009-01-12,0.01278
2009-01-13,0.01286
2009-01-14,0.01279
2009-01-15,0.01401
2009-01-16,0.01359
2009-01-19,0.01359
2009-01-20,0.01342
2009-01-21,0.01497
2009-01-22,0.0147
2009-01-23,0.01511
2009-01-26,0.0153
2009-01-27,0.01463
2009-01-28,0.01476
2009-01-29,0.01588
2009-01-30,0.01714
2009-02-02,0.01677
2009-02-03,0.01677
2009-02-04,0.017
2009-02-05,0.0167
2009-02-06,0.01613
2009-02-09,0.01671
2009-02-10,0.01666
2009-02-11,0.01595
2009-02-12,0.01538
2009-02-13,0.01687
2009-02-16,0.01687
2009-02-17,0.01608
2009-02-18,0.01661
2009-02-19,0.01668
2009-02-20,0.0162
2009-02-23,0.01616
2009-02-24,0.01667
2009-02-25,0.01775
2009-02-26,0.01761
2009-02-27,0.01735
2009-03-02,0.0162
2009-03-03,0.01665
2009-03-04,0.01735
2009-03-05,0.01688
2009-03-06,0.01749
2009-03-09,0.01822
2009-03-10,0.01834
2009-03-11,0.01761
2009-03-12,0.01716
2009-03-13,0.01703
2009-03-16,0.01732
2009-03-17,0.01762
2009-03-18,0.01477
2009-03-19,0.01535
2009-03-20,0.01549
2009-03-23,0.01527
2009-03-24,0.01536
2009-03-25,0.01575
2009-03-26,0.01507
2009-03-27,0.01477
2009-03-30,0.01425
2009-03-31,0.01409
2009-04-01,0.01415
2009-04-02,0.01471
2009-04-03,0.01583
2009-04-06,0.01592
2009-04-07,0.01561
2009-04-08,0.01535
2009-04-09,0.01552
2009-04-10,0.01552
2009-04-13,0.01552
2009-04-14,0.01452
2009-04-15,0.01424
2009-04-16,0.01499
2009-04-17,0.0161
2009-04-20,0.01579
2009-04-21,0.01654
2009-04-22,0.01646
2009-04-23,0.01603
2009-04-24,0.01632
2009-04-27,0.01524
2009-04-28,0.01553
2009-04-29,0.01546
2009-04-30,0.01529
2009-05-01,0.01548
2009-05-04,0.01562
2009-05-05,0.01524
2009-05-06,0.01466
2009-05-07,0.01499
2009-05-08,0.01491
2009-05-11,0.01425
2009-05-12,0.0139
2009-05-13,0.0133
2009-05-14,0.0134
2009-05-15,0.01321
2009-05-18,0.01335
2009-05-19,0.01315
2009-05-20,0.01245
2009-05-21,0.01308
2009-05-22,0.01375
2009-05-25,0.01375
2009-05-26,0.01424
2009-05-27,0.01473
2009-05-28,0.0148
2009-05-29,0.01401
2009-06-01,0.01534
2009-06-02,0.01486
2009-06-03,0.014
2009-06-04,0.01526
2009-06-05,0.01954
2009-06-08,0.02051
2009-06-09,0.01873
2009-06-10,0.01942
2009-06-11,0.01895
2009-06-12,0.01801
2009-06-15,0.01733
2009-06-16,0.01731
2009-06-17,0.0169
2009-06-18,0.01869
2009-06-19,0.0181
2009-06-22,0.01697
2009-06-23,0.01667
2009-06-24,0.01701
2009-06-25,0.01571
2009-06-26,0.01545
2009-06-29,0.01585
2009-06-30,0.0163
2009-07-01,0.01574
2009-07-02,0.01492
2009-07-06,0.01433
2009-07-07,0.0143
2009-07-08,0.01332
2009-07-09,0.01387
2009-07-10,0.01374
2009-07-13,0.01413
2009-07-14,0.01469
2009-07-15,0.01567
2009-07-16,0.01524
2009-07-17,0.01579
2009-07-20,0.01537
2009-07-21,0.01437
2009-07-22,0.01466
2009-07-23,0.01602
2009-07-24,0.01552
2009-07-27,0.01544
2009-07-28,0.01592
2009-07-29,0.0163
2009-07-30,0.01685
2009-07-31,0.01553
2009-08-03,0.01703
2009-08-04,0.01721
2009-08-05,0.01775
2009-08-06,0.01772
2009-08-07,0.0189
2009-08-10,0.01812
2009-08-11,0.01725
2009-08-12,0.01627
2009-08-13,0.01571
2009-08-14,0.01559
2009-08-17,0.01536
2009-08-18,0.01577
2009-08-19,0.01528
2009-08-20,0.01518
2009-08-21,0.01627
2009-08-24,0.0155
2009-08-25,0.01526
2009-08-26,0.01517
2009-08-27,0.0149
2009-08-28,0.01466
2009-08-31,0.01482
2009-09-01,0.01386
2009-09-02,0.01334
2009-09-03,0.01362
2009-09-04,0.0139
2009-09-07,0.0139
2009-09-08,0.01376
2009-09-09,0.01364
2009-09-10,0.01303
2009-09-11,0.0131
2009-09-14,0.01345
2009-09-15,0.01388
2009-09-16,0.01428
2009-09-17,0.01401
2009-09-18,0.01481
2009-09-21,0.01476
2009-09-22,0.01438
2009-09-23,0.01353
2009-09-24,0.01331
2009-09-25,0.0141
2009-09-28,0.01381
2009-09-29,0.0142
2009-09-30,0.01382
2009-10-01,0.01318
2009-10-02,0.01326
2009-10-05,0.01331
2009-10-06,0.01342
2009-10-07,0.01287
2009-10-08,0.01332
2009-10-09,0.01442
2009-10-12,0.01442
2009-10-13,0.01344
2009-10-14,0.01398
2009-10-15,0.01452
2009-10-16,0.01467
2009-10-19,0.0145
2009-10-20,0.01378
2009-10-21,0.01426
2009-10-22,0.01415
2009-10-23,0.01477
2009-10-26,0.01515
2009-10-27,0.01405
2009-10-28,0.01366
2009-10-29,0.01409
2009-10-30,0.01331
2009-11-02,0.01366
2009-11-03,0.01392
2009-11-04,0.01364
2009-11-05,0.01327
2009-11-06,0.01286
2009-11-09,0.01277
2009-11-10,0.01257
2009-11-11,0.01249
2009-11-12,0.01216
2009-11-13,0.01236
2009-11-16,0.01146
2009-11-17,0.01143
2009-11-18,0.01134
2009-11-19,0.0111
2009-11-20,0.01134
2009-11-23,0.01146
2009-11-24,0.01102
2009-11-25,0.01123
2009-11-26,0.01123
2009-11-27,0.01117
2009-11-30,0.01084
2009-12-01,0.01099
2009-12-02,0.01156
2009-12-03,0.0118
2009-12-04,0.0132
2009-12-07,0.0125
2009-12-08,0.01186
2009-12-09,0.01169
2009-12-10,0.01207
2009-12-11,0.0125
2009-12-14,0.013
2009-12-15,0.0134
2009-12-16,0.01303
2009-12-17,0.01193
2009-12-18,0.01216
2009-12-21,0.01312
2009-12-22,0.01362
2009-12-23,0.01384
2009-12-24,0.0144
2009-12-28,0.01499
2009-12-29,0.01511
2009-12-30,0.01474
2009-12-31,0.01537
2010-01-04,0.01465
2010-01-05,0.01397
2010-01-06,0.01372
2010-01-07,0.014
2010-01-08,0.01336
2010-01-11,0.01314
2010-01-12,0.01274
2010-01-13,0.01316
2010-01-14,0.01277
2010-01-15,0.01238
2010-01-18,0.01238
2010-01-19,0.01258
2010-01-20,0.01244
2010-01-21,0.01223
2010-01-22,0.01203
2010-01-25,0.012
2010-01-26,0.01198
2010-01-27,0.01247
2010-01-28,0.01229
2010-01-29,0.01206
2010-02-01,0.01228
2010-02-02,0.01219
2010-02-03,0.01244
2010-02-04,0.01192
2010-02-05,0.01138
2010-02-08,0.0118
2010-02-09,0.01204
2010-02-10,0.01258
2010-02-11,0.01255
2010-02-12,0.0121
2010-02-15,0.0121
2010-02-16,0.01174
2010-02-17,0.01217
2010-02-18,0.01248
2010-02-19,0.01306
2010-02-22,0.01261
2010-02-23,0.01204
2010-02-24,0.01181
2010-02-25,0.01154
2010-02-26,0.01135
2010-03-01,0.0114
2010-03-02,0.01118
2010-03-03,0.01123
2010-03-04,0.01172
2010-03-05,0.01209
2010-03-08,0.01216
2010-03-09,0.01188
2010-03-10,0.01211
2010-03-11,0.0125
2010-03-12,0.01261
2010-03-15,0.01234
2010-03-16,0.01186
2010-03-17,0.01184
2010-03-18,0.01233
2010-03-19,0.01288
2010-03-22,0.01258
2010-03-23,0.01234
2010-03-24,0.01298
2010-03-25,0.0132
2010-03-26,0.0129
2010-03-29,0.0129
2010-03-30,0.01308
2010-03-31,0.01266
2010-04-01,0.01295
2010-04-02,0.01364
2010-04-05,0.01432
2010-04-06,0.01378
2010-04-07,0.01291
2010-04-08,0.01298
2010-04-09,0.01306
2010-04-12,0.01273
2010-04-13,0.01274
2010-04-14,0.01281
2010-04-15,0.01264
2010-04-16,0.01188
2010-04-19,0.01218
2010-04-20,0.01256
2010-04-21,0.01247
2010-04-22,0.013
2010-04-23,0.01351
2010-04-26,0.01354
2010-04-27,0.01286
2010-04-28,0.013
2010-04-29,0.01276
2010-04-30,0.01283
2010-05-03,0.01351
2010-05-04,0.01336
2010-05-05,0.01273
2010-05-06,0.0127
2010-05-07,0.0126
2010-05-10,0.01215
2010-05-11,0.01226
2010-05-12,0.01208
2010-05-13,0.0123
2010-05-14,0.01211
2010-05-17,0.01217
2010-05-18,0.01203
2010-05-19,0.01206
2010-05-20,0.01195
2010-05-21,0.01231
2010-05-24,0.0132
2010-05-25,0.01363
2010-05-26,0.01375
2010-05-27,0.01356
2010-05-28,0.01305
2010-05-31,0.01305
2010-06-01,0.0131
2010-06-02,0.0132
2010-06-03,0.01329
2010-06-04,0.0126
2010-06-07,0.01248
2010-06-08,0.01228
2010-06-09,0.01181
2010-06-10,0.01222
2010-06-11,0.01171
2010-06-14,0.01184
2010-06-15,0.01182
2010-06-16,0.01158
2010-06-17,0.01123
2010-06-18,0.01108
2010-06-21,0.01091
2010-06-22,0.01081
2010-06-23,0.01077
2010-06-24,0.01113
2010-06-25,0.01078
2010-06-28,0.01026
2010-06-29,0.01011
2010-06-30,0.01024
2010-07-01,0.01031
2010-07-02,0.01056
2010-07-05,0.01056
2010-07-06,0.01016
2010-07-07,0.00988
2010-07-08,0.00976
2010-07-09,0.00991
2010-07-12,0.01001
2010-07-13,0.00995
2010-07-14,0.00945
2010-07-15,0.00916
2010-07-16,0.00879
2010-07-19,0.00877
2010-07-20,0.00839
2010-07-21,0.00826
2010-07-22,0.0082
2010-07-23,0.00865
2010-07-26,0.00865
2010-07-27,0.00889
2010-07-28,0.00822
2010-07-29,0.00805
2010-07-30,0.00763
2010-08-02,0.00775
2010-08-03,0.00734
2010-08-04,0.0078
2010-08-05,0.00751
2010-08-06,0.00745
2010-08-09,0.00783
2010-08-10,0.00747
2010-08-11,0.00713
2010-08-12,0.00771
2010-08-13,0.00771
2010-08-16,0.00734
2010-08-17,0.00734
2010-08-18,0.00718
2010-08-19,0.00707
2010-08-20,0.00714
2010-08-23,0.00695
2010-08-24,0.00691
2010-08-25,0.00749
2010-08-26,0.00721
2010-08-27,0.00768
2010-08-30,0.00703
2010-08-31,0.00696
2010-09-01,0.00719
2010-09-02,0.00732
2010-09-03,0.00739
2010-09-06,0.00739
2010-09-07,0.00715
2010-09-08,0.00752
2010-09-09,0.00809
2010-09-10,0.00818
2010-09-13,0.00762
2010-09-14,0.00714
2010-09-15,0.00716
2010-09-16,0.00715
2010-09-17,0.00724
2010-09-20,0.00708
2010-09-21,0.00641
2010-09-22,0.00649
2010-09-23,0.00647
2010-09-24,0.00663
2010-09-27,0.00637
2010-09-28,0.00618
2010-09-29,0.00632
2010-09-30,0.00636
2010-10-01,0.00654
2010-10-04,0.00628
2010-10-05,0.00611
2010-10-06,0.00587
2010-10-07,0.00565
2010-10-08,0.00541
2010-10-11,0.00541
2010-10-12,0.00558
2010-10-13,0.00541
2010-10-14,0.00578
2010-10-15,0.00575
2010-10-18,0.0058
2010-10-19,0.00564
2010-10-20,0.00536
2010-10-21,0.0055
2010-10-22,0.00559
2010-10-25,0.0055
2010-10-26,0.00591
2010-10-27,0.00606
2010-10-28,0.00542
2010-10-29,0.00522
2010-11-01,0.00523
2010-11-02,0.00534
2010-11-03,0.0051
2010-11-04,0.00492
2010-11-05,0.00554
2010-11-08,0.0061
2010-11-09,0.00681
2010-11-10,0.00687
2010-11-11,0.00687
2010-11-12,0.00758
2010-11-15,0.00763
2010-11-16,0.00746
2010-11-17,0.00707
2010-11-18,0.00722
2010-11-19,0.00725
2010-11-22,0.00683
2010-11-23,0.00662
2010-11-24,0.00799
2010-11-25,0.00799
2010-11-26,0.00824
2010-11-29,0.00815
2010-11-30,0.00791
2010-12-01,0.00837
2010-12-02,0.00844
2010-12-03,0.00748
2010-12-06,0.00685
2010-12-07,0.00805
2010-12-08,0.00885
2010-12-09,0.00867
2010-12-10,0.0091
2010-12-13,0.00873
2010-12-14,0.00926
2010-12-15,0.00986
2010-12-16,0.00958
2010-12-17,0.00889
2010-12-20,0.00884
2010-12-21,0.00876
2010-12-22,0.00914
2010-12-23,0.00968
2010-12-24,0.00969
2010-12-27,0.00964
2010-12-28,0.01006
2010-12-29,0.00888
2010-12-30,0.00903
2010-12-31,0.00854
2011-01-03,0.00859
2011-01-04,0.00887
2011-01-05,0.01007
2011-01-06,0.01001
2011-01-07,0.00916
2011-01-10,0.00895
2011-01-11,0.00901
2011-01-12,0.00885
2011-01-13,0.00866
2011-01-14,0.00881
2011-01-17,0.00881
2011-01-18,0.00874
2011-01-19,0.00852
2011-01-20,0.00927
2011-01-21,0.00909
2011-01-24,0.00908
2011-01-25,0.00864
2011-01-26,0.0089
2011-01-27,0.00842
2011-01-28,0.00828
2011-01-31,0.00855
2011-02-01,0.00895
2011-02-02,0.00942
2011-02-03,0.00977
2011-02-04,0.01033
2011-02-07,0.01039
2011-02-08,0.01115
2011-02-09,0.01053
2011-02-10,0.01114
2011-02-11,0.01119
2011-02-14,0.01122
2011-02-15,0.01106
2011-02-16,0.01114
2011-02-17,0.01049
2011-02-18,0.01036
2011-02-21,0.01036
2011-02-22,0.00994
2011-02-23,0.0099
2011-02-24,0.0098
2011-02-25,0.00978
2011-02-28,0.00955
2011-03-01,0.00925
2011-03-02,0.00955
2011-03-03,0.01064
2011-03-04,0.00959
2011-03-07,0.00972
2011-03-08,0.00993
2011-03-09,0.0095
2011-03-10,0.00918
2011-03-11,0.00892
2011-03-14,0.00854
2011-03-15,0.00867
2011-03-16,0.0082
2011-03-17,0.00853
2011-03-18,0.00853
2011-03-21,0.00904
2011-03-22,0.0092
2011-03-23,0.00927
2011-03-24,0.00957
2011-03-25,0.01019
2011-03-28,0.01049
2011-03-29,0.01079
2011-03-30,0.01054
2011-03-31,0.01037
2011-04-01,0.01067
2011-04-04,0.0102
2011-04-05,0.01083
2011-04-06,0.01095
2011-04-07,0.01055
2011-04-08,0.01067
2011-04-11,0.01075
2011-04-12,0.01002
2011-04-13,0.00973
2011-04-14,0.0101
2011-04-15,0.00931
2011-04-18,0.00886
2011-04-19,0.00885
2011-04-20,0.00902
2011-04-21,0.00905
2011-04-22,0.00906
2011-04-25,0.00883
2011-04-26,0.00865
2011-04-27,0.00875
2011-04-28,0.00838
2011-04-29,0.00841
2011-05-02,0.00838
2011-05-03,0.00835
2011-05-04,0.0082
2011-05-05,0.00817
2011-05-06,0.00799
2011-05-09,0.00781
2011-05-10,0.00818
2011-05-11,0.00784
2011-05-12,0.00801
2011-05-13,0.00792
2011-05-16,0.00769
2011-05-17,0.00765
2011-05-18,0.00808
2011-05-19,0.00777
2011-05-20,0.00769
2011-05-23,0.00784
2011-05-24,0.00777
2011-05-25,0.0077
2011-05-26,0.00725
2011-05-27,0.00721
2011-05-30,0.00721
2011-05-31,0.00706
2011-06-01,0.00677
2011-06-02,0.00703
2011-06-03,0.00673
2011-06-06,0.00662
2011-06-07,0.00657
2011-06-08,0.00624
2011-06-09,0.00655
2011-06-10,0.00637
2011-06-13,0.0064
2011-06-14,0.00692
2011-06-15,0.00672
2011-06-16,0.00699
2011-06-17,0.00687
2011-06-20,0.00689
2011-06-21,0.00691
2011-06-22,0.00677
2011-06-23,0.00665
2011-06-24,0.00679
2011-06-27,0.00709
2011-06-28,0.00771
2011-06-29,0.00756
2011-06-30,0.00749
2011-07-01,0.00791
2011-07-04,0.00791
2011-07-05,0.00738
2011-07-06,0.00724
2011-07-07,0.00775
2011-07-08,0.00681
2011-07-11,0.0069
2011-07-12,0.007
2011-07-13,0.00679
2011-07-14,0.00671
2011-07-15,0.00694
2011-07-18,0.00687
2011-07-19,0.00698
2011-07-20,0.00687
2011-07-21,0.00699
2011-07-22,0.0066
2011-07-25,0.00678
2011-07-26,0.00656
2011-07-27,0.00687
2011-07-28,0.00674
2011-07-29,0.00626
2011-08-01,0.0061
2011-08-02,0.00607
2011-08-03,0.00599
2011-08-04,0.00547
2011-08-05,0.00572
2011-08-08,0.00571
2011-08-09,0.00444
2011-08-10,0.00441
2011-08-11,0.00443
2011-08-12,0.00459
2011-08-15,0.00462
2011-08-16,0.00455
2011-08-17,0.00461
2011-08-18,0.0048
2011-08-19,0.00501
2011-08-22,0.00543
2011-08-23,0.00569
2011-08-24,0.00539
2011-08-25,0.0053
2011-08-26,0.00512
2011-08-29,0.00527
2011-08-30,0.00513
2011-08-31,0.00503
2011-09-01,0.00502
2011-09-02,0.00524
2011-09-05,0.00524
2011-09-06,0.00533
2011-09-07,0.00538
2011-09-08,0.00509
2011-09-09,0.00532
2011-09-12,0.00551
2011-09-13,0.00552
2011-09-14,0.00548
2011-09-15,0.0052
2011-09-16,0.00512
2011-09-19,0.00479
2011-09-20,0.00471
2011-09-21,0.00502
2011-09-22,0.00526
2011-09-23,0.00527
2011-09-26,0.00525
2011-09-27,0.0055
2011-09-28,0.00571
2011-09-29,0.00579
2011-09-30,0.00596
2011-10-03,0.00618
2011-10-04,0.00663
2011-10-05,0.00658
2011-10-06,0.00674
2011-10-07,0.0071
2011-10-10,0.0071
2011-10-11,0.00716
2011-10-12,0.00678
2011-10-13,0.00683
2011-10-14,0.00676
2011-10-17,0.00676
2011-10-18,0.00663
2011-10-19,0.00657
2011-10-20,0.00657
2011-10-21,0.00672
2011-10-24,0.00665
2011-10-25,0.00643
2011-10-26,0.00675
2011-10-27,0.00664
2011-10-28,0.00598
2011-10-31,0.00574
2011-11-01,0.00593
2011-11-02,0.0058
2011-11-03,0.00588
2011-11-04,0.00589
2011-11-07,0.00605
2011-11-08,0.00619
2011-11-09,0.00668
2011-11-10,0.00703
2011-11-11,0.00703
2011-11-14,0.00728
2011-11-15,0.00735
2011-11-16,0.00779
2011-11-17,0.00835
2011-11-18,0.00808
2011-11-21,0.0084
2011-11-22,0.00805
2011-11-23,0.00838
2011-11-24,0.00837
2011-11-25,0.00843
2011-11-28,0.00826
2011-11-29,0.00798
2011-11-30,0.00671
2011-12-01,0.00691
2011-12-02,0.0072
2011-12-05,0.00701
2011-12-06,0.007
2011-12-07,0.00665
2011-12-08,0.00645
2011-12-09,0.00654
2011-12-12,0.00684
2011-12-13,0.00699
2011-12-14,0.00737
2011-12-15,0.00731
2011-12-16,0.00734
2011-12-19,0.0075
2011-12-20,0.00747
2011-12-21,0.00756
2011-12-22,0.00773
2011-12-23,0.00796
2011-12-26,0.00796
2011-12-27,0.008
2011-12-28,0.00795
2011-12-29,0.00773
2011-12-30,0.00735
2012-01-02,0.00735
2012-01-03,0.00754
2012-01-04,0.00736
2012-01-05,0.00724
2012-01-06,0.00687
2012-01-09,0.00652
2012-01-10,0.00644
2012-01-11,0.00613
2012-01-12,0.00584
2012-01-13,0.00574
2012-01-16,0.00574
2012-01-17,0.00558
2012-01-18,0.00587
2012-01-19,0.00588
2012-01-20,0.00599
2012-01-23,0.00586
2012-01-24,0.0059
2012-01-25,0.00562
2012-01-26,0.00528
2012-01-27,0.00538
2012-01-30,0.00539
2012-01-31,0.00513
2012-02-01,0.00495
2012-02-02,0.00482
2012-02-03,0.00509
2012-02-06,0.00514
2012-02-07,0.00544
2012-02-08,0.00535
2012-02-09,0.00535
2012-02-10,0.00549
2012-02-13,0.00576
2012-02-14,0.00579
2012-02-15,0.00565
2012-02-16,0.00592
2012-02-17,0.00588
2012-02-20,0.00589
2012-02-21,0.00604
2012-02-22,0.00595
2012-02-23,0.0061
2012-02-24,0.0063
2012-02-27,0.00599
2012-02-28,0.00578
2012-02-29,0.00565
2012-03-01,0.00561
2012-03-02,0.0053
2012-03-05,0.0057
2012-03-06,0.0056
2012-03-07,0.00563
2012-03-08,0.00569
2012-03-09,0.00587
2012-03-12,0.00588
2012-03-13,0.00624
2012-03-14,0.00671
2012-03-15,0.00647
2012-03-16,0.00629
2012-03-19,0.00653
2012-03-20,0.00684
2012-03-21,0.0066
2012-03-22,0.00647
2012-03-23,0.00626
2012-03-26,0.00614
2012-03-27,0.00577
2012-03-28,0.00589
2012-03-29,0.00596
2012-03-30,0.00598
2012-04-02,0.00597
2012-04-03,0.0064
2012-04-04,0.00645
2012-04-05,0.00648
2012-04-06,0.00622
2012-04-09,0.00614
2012-04-10,0.00613
2012-04-11,0.00596
2012-04-12,0.00578
2012-04-13,0.00578
2012-04-16,0.00578
2012-04-17,0.00567
2012-04-18,0.00571
2012-04-19,0.00575
2012-04-20,0.00577
2012-04-23,0.0058
2012-04-24,0.00588
2012-04-25,0.00561
2012-04-26,0.00568
2012-04-27,0.00563
2012-04-30,0.00558
2012-05-01,0.00556
2012-05-02,0.00556
2012-05-03,0.00551
2012-05-04,0.00552
2012-05-07,0.0056
2012-05-08,0.00575
2012-05-09,0.006
2012-05-10,0.00587
2012-05-11,0.00617
2012-05-14,0.00659
2012-05-15,0.00676
2012-05-16,0.00664
2012-05-17,0.00663
2012-05-18,0.00678
2012-05-21,0.00654
2012-05-22,0.00649
2012-05-23,0.00664
2012-05-24,0.00652
2012-05-25,0.00656
2012-05-28,0.00656
2012-05-29,0.0064
2012-05-30,0.00627
2012-05-31,0.00628
2012-06-01,0.00633
2012-06-04,0.00636
2012-06-05,0.00615
2012-06-06,0.00601
2012-06-07,0.00579
2012-06-08,0.00582
2012-06-11,0.00578
2012-06-12,0.00605
2012-06-13,0.00603
2012-06-14,0.0061
2012-06-15,0.00554
2012-06-18,0.00541
2012-06-19,0.00543
2012-06-20,0.00543
2012-06-21,0.00567
2012-06-22,0.00547
2012-06-25,0.00531
2012-06-26,0.00548
2012-06-27,0.00553
2012-06-28,0.00563
2012-06-29,0.00557
2012-07-02,0.00552
2012-07-03,0.00547
2012-07-04,0.00547
2012-07-05,0.00536
2012-07-06,0.00525
2012-07-09,0.00527
2012-07-10,0.0053
2012-07-11,0.005
2012-07-12,0.00479
2012-07-13,0.00488
2012-07-16,0.00469
2012-07-17,0.00476
2012-07-18,0.00463
2012-07-19,0.00448
2012-07-20,0.00449
2012-07-23,0.00449
2012-07-24,0.00442
2012-07-25,0.0044
2012-07-26,0.00437
2012-07-27,0.00452
2012-07-30,0.0042
2012-07-31,0.0042
2012-08-01,0.00435
2012-08-02,0.00438
2012-08-03,0.00446
2012-08-06,0.00431
2012-08-07,0.00452
2012-08-08,0.00474
2012-08-09,0.00485
2012-08-10,0.00469
2012-08-13,0.00468
2012-08-14,0.00478
2012-08-15,0.00495
2012-08-16,0.00508
2012-08-17,0.00506
2012-08-20,0.00501
2012-08-21,0.00507
2012-08-22,0.00469
2012-08-23,0.00441
2012-08-24,0.00454
2012-08-27,0.00445
2012-08-28,0.00439
2012-08-29,0.0045
2012-08-30,0.00428
2012-08-31,0.00398
2012-09-03,0.00398
2012-09-04,0.00397
2012-09-05,0.004
2012-09-06,0.00428
2012-09-07,0.00407
2012-09-10,0.00403
2012-09-11,0.00398
2012-09-12,0.00407
2012-09-13,0.0038
2012-09-14,0.00383
2012-09-17,0.00383
2012-09-18,0.00393
2012-09-19,0.00394
2012-09-20,0.00398
2012-09-21,0.00395
2012-09-24,0.00398
2012-09-25,0.00407
2012-09-26,0.00427
2012-09-27,0.00411
2012-09-28,0.00377
2012-10-01,0.00373
2012-10-02,0.0038
2012-10-03,0.00372
2012-10-04,0.00381
2012-10-05,0.00402
2012-10-08,0.00402
2012-10-09,0.00391
2012-10-10,0.00394
2012-10-11,0.00393
2012-10-12,0.0038
2012-10-15,0.00379
2012-10-16,0.00368
2012-10-17,0.00393
2012-10-18,0.00406
2012-10-19,0.00409
2012-10-22,0.00411
2012-10-23,0.00407
2012-10-24,0.00391
2012-10-25,0.00427
2012-10-26,0.00407
2012-10-29,0.00405
2012-10-30,0.00406
2012-10-31,0.00391
2012-11-01,0.00386
2012-11-02,0.00389
2012-11-05,0.0038
2012-11-06,0.00412
2012-11-07,0.00375
2012-11-08,0.0038
2012-11-09,0.00388
2012-11-12,0.00388
2012-11-13,0.00379
2012-11-14,0.0037
2012-11-15,0.00385
2012-11-16,0.00385
2012-11-19,0.00382
2012-11-20,0.00386
2012-11-21,0.00403
2012-11-22,0.00403
2012-11-23,0.00411
2012-11-26,0.00413
2012-11-27,0.00397
2012-11-28,0.00388
2012-11-29,0.00384
2012-11-30,0.0038
2012-12-03,0.00381
2012-12-04,0.00373
2012-12-05,0.00367
2012-12-06,0.00363
2012-12-07,0.00361
2012-12-10,0.00361
2012-12-11,0.00359
2012-12-12,0.00363
2012-12-13,0.00371
2012-12-14,0.00366
2012-12-17,0.00382
2012-12-18,0.00406
2012-12-19,0.0041
2012-12-20,0.00413
2012-12-21,0.00409
2012-12-24,0.00424
2012-12-25,0.00424
2012-12-26,0.00424
2012-12-27,0.00413
2012-12-28,0.00403
2012-12-31,0.00401
2013-01-01,0.00401
2013-01-02,0.00399
2013-01-03,0.00407
2013-01-04,0.00415
2013-01-07,0.00407
2013-01-08,0.00398
2013-01-09,0.00388
2013-01-10,0.00394
2013-01-11,0.00397
2013-01-14,0.00392
2013-01-15,0.00384
2013-01-16,0.00386
2013-01-17,0.00418
2013-01-18,0.0041
2013-01-21,0.0041
2013-01-22,0.00403
2013-01-23,0.00399
2013-01-24,0.00403
2013-01-25,0.00446
2013-01-28,0.00465
2013-01-29,0.00457
2013-01-30,0.00446
2013-01-31,0.00444
2013-02-01,0.00436
2013-02-04,0.00432
2013-02-05,0.00446
2013-02-06,0.00422
2013-02-07,0.00417
2013-02-08,0.0042
2013-02-11,0.00426
2013-02-12,0.00435
2013-02-13,0.00442
2013-02-14,0.00429
2013-02-15,0.00434
2013-02-18,0.00434
2013-02-19,0.00436
2013-02-20,0.00431
2013-02-21,0.00419
2013-02-22,0.00407
2013-02-25,0.00398
2013-02-26,0.00405
2013-02-27,0.00407
2013-02-28,0.00398
2013-03-01,0.00387
2013-03-04,0.00385
2013-03-05,0.00391
2013-03-06,0.00396
2013-03-07,0.00408
2013-03-08,0.00413
2013-03-11,0.00414
2013-03-12,0.00408
2013-03-13,0.00411
2013-03-14,0.00417
2013-03-15,0.004
2013-03-18,0.00404
2013-03-19,0.00436
2013-03-20,0.00427
2013-03-21,0.00433
2013-03-22,0.00442
2013-03-25,0.00441
2013-03-26,0.00444
2013-03-27,0.0044
2013-03-28,0.00432
2013-03-29,0.00432
2013-04-01,0.00421
2013-04-02,0.00418
2013-04-03,0.00402
2013-04-04,0.00392
2013-04-05,0.00379
2013-04-08,0.00388
2013-04-09,0.00387
2013-04-10,0.00388
2013-04-11,0.00381
2013-04-12,0.00383
2013-04-15,0.00373
2013-04-16,0.00378
2013-04-17,0.00379
2013-04-18,0.00376
2013-04-19,0.00379
2013-04-22,0.00371
2013-04-23,0.00372
2013-04-24,0.00368
2013-04-25,0.00371
2013-04-26,0.00367
2013-04-29,0.00354
2013-04-30,0.00356
2013-05-01,0.0035
2013-05-02,0.00346
2013-05-03,0.00364
2013-05-06,0.0037
2013-05-07,0.00374
2013-05-08,0.00368
2013-05-09,0.00368
2013-05-10,0.00381
2013-05-13,0.00393
2013-05-14,0.00396
2013-05-15,0.00393
2013-05-16,0.00379
2013-05-17,0.004
2013-05-20,0.00401
2013-05-21,0.00395
2013-05-22,0.00407
2013-05-23,0.0041
2013-05-24,0.00418
2013-05-27,0.00418
2013-05-28,0.00474
2013-05-29,0.00492
2013-05-30,0.00478
2013-05-31,0.00494
2013-06-03,0.00481
2013-06-04,0.00484
2013-06-05,0.00479
2013-06-06,0.00477
2013-06-07,0.00501
2013-06-10,0.00525
2013-06-11,0.00521
2013-06-12,0.00528
2013-06-13,0.00493
2013-06-14,0.00448
2013-06-17,0.00442
2013-06-18,0.00439
2013-06-19,0.00491
2013-06-20,0.0054
2013-06-21,0.00595
2013-06-24,0.00612
2013-06-25,0.00609
2013-06-26,0.00577
2013-06-27,0.00538
2013-06-28,0.0054
2013-07-01,0.0054
2013-07-02,0.00548
2013-07-03,0.0058
2013-07-04,0.0058
2013-07-05,0.0062
2013-07-08,0.0057
2013-07-09,0.00569
2013-07-10,0.00573
2013-07-11,0.00531
2013-07-12,0.00561
2013-07-15,0.00546
2013-07-16,0.00519
2013-07-17,0.00504
2013-07-18,0.00506
2013-07-19,0.00501
2013-07-22,0.00508
2013-07-23,0.00515
2013-07-24,0.00538
2013-07-25,0.00526
2013-07-26,0.00499
2013-07-29,0.00507
2013-07-30,0.00505
2013-07-31,0.00506
2013-08-01,0.00536
2013-08-02,0.00497
2013-08-05,0.00511
2013-08-06,0.0051
2013-08-07,0.00511
2013-08-08,0.00505
2013-08-09,0.00502
2013-08-12,0.00504
2013-08-13,0.00542
2013-08-14,0.00539
2013-08-15,0.00556
2013-08-16,0.00561
2013-08-19,0.00589
2013-08-20,0.00562
2013-08-21,0.00583
2013-08-22,0.0062
2013-08-23,0.00606
2013-08-26,0.00591
2013-08-27,0.0058
2013-08-28,0.00604
2013-08-29,0.00599
2013-08-30,0.00595
2013-09-02,0.00595
2013-09-03,0.00629
2013-09-04,0.00664
2013-09-05,0.00714
2013-09-06,0.00666
2013-09-09,0.00634
2013-09-10,0.00669
2013-09-11,0.00646
2013-09-12,0.00643
2013-09-13,0.00643
2013-09-16,0.00599
2013-09-17,0.00575
2013-09-18,0.00519
2013-09-19,0.00519
2013-09-20,0.0052
2013-09-23,0.00508
2013-09-24,0.00509
2013-09-25,0.00495
2013-09-26,0.00503
2013-09-27,0.00494
2013-09-30,0.00489
2013-10-01,0.00498
2013-10-02,0.00483
2013-10-03,0.00479
2013-10-04,0.00488
2013-10-07,0.00504
2013-10-08,0.00532
2013-10-09,0.00521
2013-10-10,0.00514
2013-10-11,0.00502
2013-10-14,0.00502
2013-10-15,0.00508
2013-10-16,0.00496
2013-10-17,0.00471
2013-10-18,0.00472
2013-10-21,0.00475
2013-10-22,0.00455
2013-10-23,0.00464
2013-10-24,0.00463
2013-10-25,0.00454
2013-10-28,0.00459
2013-10-29,0.00456
2013-10-30,0.00456
2013-10-31,0.00445
2013-11-01,0.00449
2013-11-04,0.00442
2013-11-05,0.00444
2013-11-06,0.00433
2013-11-07,0.0042
2013-11-08,0.00449
2013-11-11,0.00449
2013-11-12,0.00464
2013-11-13,0.00444
2013-11-14,0.00423
2013-11-15,0.00414
2013-11-18,0.00411
2013-11-19,0.00421
2013-11-20,0.00396
2013-11-21,0.00392
2013-11-22,0.004
2013-11-25,0.00402
2013-11-26,0.00393
2013-11-27,0.00393
2013-11-28,0.00393
2013-11-29,0.00397
2013-12-02,0.00408
2013-12-03,0.00403
2013-12-04,0.00412
2013-12-05,0.00414
2013-12-06,0.00424
2013-12-09,0.00423
2013-12-10,0.00417
2013-12-11,0.00433
2013-12-12,0.00453
2013-12-13,0.00453
2013-12-16,0.00454
2013-12-17,0.00426
2013-12-18,0.00419
2013-12-19,0.00475
2013-12-20,0.00483
2013-12-23,0.00507
2013-12-24,0.00531
2013-12-25,0.00531
2013-12-26,0.00538
2013-12-27,0.00519
2013-12-30,0.00509
2013-12-31,0.00522
2014-01-01,0.00522
2014-01-02,0.00521
2014-01-03,0.00539
2014-01-06,0.00538
2014-01-07,0.00533
2014-01-08,0.00578
2014-01-09,0.00583
2014-01-10,0.00527
2014-01-13,0.00509
2014-01-14,0.00538
2014-01-15,0.0056
2014-01-16,0.0055
2014-01-17,0.0055
2014-01-20,0.0055
2014-01-21,0.0055
2014-01-22,0.00581
2014-01-23,0.00537
2014-01-24,0.00531
2014-01-27,0.0054
2014-01-28,0.00526
2014-01-29,0.00511
2014-01-30,0.00509
2014-01-31,0.00497
2014-02-03,0.00465
2014-02-04,0.0047
2014-02-05,0.0047
2014-02-06,0.00485
2014-02-07,0.00452
2014-02-10,0.00458
2014-02-11,0.00476
2014-02-12,0.00492
2014-02-13,0.00469
2014-02-14,0.0048
2014-02-17,0.0048
2014-02-18,0.00463
2014-02-19,0.00477
2014-02-20,0.0049
2014-02-21,0.00483
2014-02-24,0.00493
2014-02-25,0.00478
2014-02-26,0.00468
2014-02-27,0.00474
2014-02-28,0.00484
2014-03-03,0.00478
2014-03-04,0.00497
2014-03-05,0.00503
2014-03-06,0.00515
2014-03-07,0.00551
2014-03-10,0.00549
2014-03-11,0.00552
2014-03-12,0.00544
2014-03-13,0.00518
2014-03-14,0.00518
2014-03-17,0.00536
2014-03-18,0.00524
2014-03-19,0.00593
2014-03-20,0.00606
2014-03-21,0.00607
2014-03-24,0.00629
2014-03-25,0.00615
2014-03-26,0.00601
2014-03-27,0.00605
2014-03-28,0.00613
2014-03-31,0.00598
2014-04-01,0.00599
2014-04-02,0.00624
2014-04-03,0.00628
2014-04-04,0.00587
2014-04-07,0.00569
2014-04-08,0.00575
2014-04-09,0.00547
2014-04-10,0.00527
2014-04-11,0.00527
2014-04-14,0.00543
2014-04-15,0.00555
2014-04-16,0.00566
2014-04-17,0.00591
2014-04-18,0.00591
2014-04-21,0.00584
2014-04-22,0.00604
2014-04-23,0.00593
2014-04-24,0.006
2014-04-25,0.00595
2014-04-28,0.00593
2014-04-29,0.00604
2014-04-30,0.00581
2014-05-01,0.00579
2014-05-02,0.00606
2014-05-05,0.0061
2014-05-06,0.00613
2014-05-07,0.0059
2014-05-08,0.00568
2014-05-09,0.00565
2014-05-12,0.00584
2014-05-13,0.00569
2014-05-14,0.00549
2014-05-15,0.00541
2014-05-16,0.00551
2014-05-19,0.00542
2014-05-20,0.00529
2014-05-21,0.00537
2014-05-22,0.00546
2014-05-23,0.00544
2014-05-26,0.00544
2014-05-27,0.00554
2014-05-28,0.00533
2014-05-29,0.00547
2014-05-30,0.00552
2014-06-02,0.00575
2014-06-03,0.00584
2014-06-04,0.00588
2014-06-05,0.0057
2014-06-06,0.00591
2014-06-09,0.00612
2014-06-10,0.00633
2014-06-11,0.00628
2014-06-12,0.00624
2014-06-13,0.00647
2014-06-16,0.00664
2014-06-17,0.00687
2014-06-18,0.00687
2014-06-19,0.00665
2014-06-20,0.00666
2014-06-23,0.00669
2014-06-24,0.00672
2014-06-25,0.00656
2014-06-26,0.00637
2014-06-27,0.00633
2014-06-30,0.00626
2014-07-01,0.00643
2014-07-02,0.00672
2014-07-03,0.00701
2014-07-04,0.00701
2014-07-07,0.00719
2014-07-08,0.00704
2014-07-09,0.00696
2014-07-10,0.00674
2014-07-11,0.0067
2014-07-14,0.00688
2014-07-15,0.00717
2014-07-16,0.00731
2014-07-17,0.00711
2014-07-18,0.00725
2014-07-21,0.00751
2014-07-22,0.00736
2014-07-23,0.00732
2014-07-24,0.00754
2014-07-25,0.00749
2014-07-28,0.00774
2014-07-29,0.00782
2014-07-30,0.00809
2014-07-31,0.00796
2014-08-01,0.00741
2014-08-04,0.00734
2014-08-05,0.00743
2014-08-06,0.00737
2014-08-07,0.00717
2014-08-08,0.00727
2014-08-11,0.00732
2014-08-12,0.0072
2014-08-13,0.00699
2014-08-14,0.00692
2014-08-15,0.00681
2014-08-18,0.00703
2014-08-19,0.00711
2014-08-20,0.00746
2014-08-21,0.00742
2014-08-22,0.00763
2014-08-25,0.00785
2014-08-26,0.00779
2014-08-27,0.0078
2014-08-28,0.00774
2014-08-29,0.0077
2014-09-01,0.0077
2014-09-02,0.00799
2014-09-03,0.00794
2014-09-04,0.0081
2014-09-05,0.00779
2014-09-08,0.00808
2014-09-09,0.00843
2014-09-10,0.00859
2014-09-11,0.00862
2014-09-12,0.00865
2014-09-15,0.00848
2014-09-16,0.0084
2014-09-17,0.00861
2014-09-18,0.00882
2014-09-19,0.00877
2014-09-22,0.00854
2014-09-23,0.00853
2014-09-24,0.00873
2014-09-25,0.00852
2014-09-26,0.00886
2014-09-29,0.00887
2014-09-30,0.00902
2014-10-01,0.00865
2014-10-02,0.00871
2014-10-03,0.00896
2014-10-06,0.00877
2014-10-07,0.00849
2014-10-08,0.0078
2014-10-09,0.00781
2014-10-10,0.00768
2014-10-13,0.00768
2014-10-14,0.00705
2014-10-15,0.00629
2014-10-16,0.00662
2014-10-17,0.00687
2014-10-20,0.00667
2014-10-21,0.00662
2014-10-22,0.00682
2014-10-23,0.00704
2014-10-24,0.00703
2014-10-27,0.00699
2014-10-28,0.00699
2014-10-29,0.00763
2014-10-30,0.00743
2014-10-31,0.00762
2014-11-03,0.00775
2014-11-04,0.00781
2014-11-05,0.00798
2014-11-06,0.00818
2014-11-07,0.00774
2014-11-10,0.00804
2014-11-11,0.00804
2014-11-12,0.00808
2014-11-13,0.00795
2014-11-14,0.00784
2014-11-17,0.00777
2014-11-18,0.00777
2014-11-19,0.00794
2014-11-20,0.00781
2014-11-21,0.00778
2014-11-24,0.0078
2014-11-25,0.00768
2014-11-26,0.00766
2014-11-27,0.00766
2014-11-28,0.00745
2014-12-01,0.0076
2014-12-02,0.00803
2014-12-03,0.00833
2014-12-04,0.00812
2014-12-05,0.00916
2014-12-08,0.00924
2014-12-09,0.0091
2014-12-10,0.00872
2014-12-11,0.00902
2014-12-12,0.00845
2014-12-15,0.00892
2014-12-16,0.00856
2014-12-17,0.00901
2014-12-18,0.00915
2014-12-19,0.00941
2014-12-22,0.00961
2014-12-23,0.00983
2014-12-24,0.00991
2014-12-25,0.00991
2014-12-26,0.00989
2014-12-29,0.00976
2014-12-30,0.00964
2014-12-31,0.00957
2015-01-01,0.00957
2015-01-02,0.00956
2015-01-05,0.00956
2015-01-06,0.00921
2015-01-07,0.00912
2015-01-08,0.00906
2015-01-09,0.0086
2015-01-12,0.00836
2015-01-13,0.00816
2015-01-14,0.0077
2015-01-15,0.00724
2015-01-16,0.00768
2015-01-19,0.00768
2015-01-20,0.00786
2015-01-21,0.00803
2015-01-22,0.00825
2015-01-23,0.00804
2015-01-26,0.00831
2015-01-27,0.00819
2015-01-28,0.00782
2015-01-29,0.0079
2015-01-30,0.00753
2015-02-02,0.00751
2015-02-03,0.00802
2015-02-04,0.00808
2015-02-05,0.00821
2015-02-06,0.00949
2015-02-09,0.00961
2015-02-10,0.00976
2015-02-11,0.00974
2015-02-12,0.0095
2015-02-13,0.00958
2015-02-16,0.00958
2015-02-17,0.01005
2015-02-18,0.00937
2015-02-19,0.00963
2015-02-20,0.00986
2015-02-23,0.00958
2015-02-24,0.00898
2015-02-25,0.00908
2015-02-26,0.0095
2015-02-27,0.00926
2015-03-02,0.00978
2015-03-03,0.00994
2015-03-04,0.0098
2015-03-05,0.00961
2015-03-06,0.01047
2015-03-09,0.01033
2015-03-10,0.01019
2015-03-11,0.01025
2015-03-12,0.00995
2015-03-13,0.00988
2015-03-16,0.00984
2015-03-17,0.01003
2015-03-18,0.00886
2015-03-19,0.00934
2015-03-20,0.009
2015-03-23,0.00908
2015-03-24,0.00885
2015-03-25,0.00894
2015-03-26,0.00913
2015-03-27,0.00871
2015-03-30,0.00885
2015-03-31,0.0086
2015-04-01,0.00838
2015-04-02,0.00848
2015-04-03,0.00788
2015-04-06,0.00806
2015-04-07,0.00827
2015-04-08,0.00833
2015-04-09,0.00863
2015-04-10,0.00871
2015-04-13,0.00848
2015-04-14,0.00828
2015-04-15,0.00817
2015-04-16,0.00796
2015-04-17,0.00811
2015-04-20,0.00841
2015-04-21,0.00851
2015-04-22,0.00872
2015-04-23,0.0085
2015-04-24,0.00821
2015-04-27,0.00834
2015-04-28,0.0085
2015-04-29,0.00856
2015-04-30,0.00875
2015-05-01,0.00912
2015-05-04,0.00915
2015-05-05,0.00943
2015-05-06,0.00959
2015-05-07,0.0096
2015-05-08,0.00897
2015-05-11,0.00946
2015-05-12,0.00937
2015-05-13,0.00906
2015-05-14,0.00865
2015-05-15,0.00851
2015-05-18,0.00893
2015-05-19,0.00927
2015-05-20,0.00907
2015-05-21,0.00893
2015-05-22,0.0094
2015-05-25,0.0094
2015-05-26,0.00939
2015-05-27,0.00945
2015-05-28,0.00918
2015-05-29,0.00897
2015-06-01,0.00944
2015-06-02,0.00957
2015-06-03,0.00981
2015-06-04,0.00968
2015-06-05,0.01031
2015-06-08,0.01
2015-06-09,0.01028
2015-06-10,0.01055
2015-06-11,0.01041
2015-06-12,0.01053
2015-06-15,0.0103
2015-06-16,0.01017
2015-06-17,0.0098
2015-06-18,0.00969
2015-06-19,0.00932
2015-06-22,0.00958
2015-06-23,0.00985
2015-06-24,0.00965
2015-06-25,0.00978
2015-06-26,0.01008
2015-06-29,0.00942
2015-06-30,0.00954
2015-07-01,0.01006
2015-07-02,0.00957
2015-07-03,0.00957
2015-07-06,0.00909
2015-07-07,0.0089
2015-07-08,0.00859
2015-07-09,0.00894
2015-07-10,0.00966
2015-07-13,0.00983
2015-07-14,0.00955
2015-07-15,0.00936
2015-07-16,0.00966
2015-07-17,0.00987
2015-07-20,0.01027
2015-07-21,0.01007
2015-07-22,0.01029
2015-07-23,0.01008
2015-07-24,0.00989
2015-07-27,0.0096
2015-07-28,0.00975
2015-07-29,0.0099
2015-07-30,0.01025
2015-07-31,0.00963
2015-08-03,0.00955
2015-08-04,0.01027
2015-08-05,0.01044
2015-08-06,0.0102
2015-08-07,0.01032
2015-08-10,0.01045
2015-08-11,0.00984
2015-08-12,0.00966
2015-08-13,0.0101
2015-08-14,0.01026
2015-08-17,0.01004
2015-08-18,0.01011
2015-08-19,0.00952
2015-08-20,0.00955
2015-08-21,0.00899
2015-08-24,0.00824
2015-08-25,0.00887
2015-08-26,0.00855
2015-08-27,0.0087
2015-08-28,0.0092
2015-08-31,0.00943
2015-09-01,0.00899
2015-09-02,0.00902
2015-09-03,0.00888
2015-09-04,0.00883
2015-09-07,0.00883
2015-09-08,0.00913
2015-09-09,0.00914
2015-09-10,0.00919
2015-09-11,0.00898
2015-09-14,0.00907
2015-09-15,0.00961
2015-09-16,0.0097
2015-09-17,0.0087
2015-09-18,0.00843
2015-09-21,0.00872
2015-09-22,0.00829
2015-09-23,0.00839
2015-09-24,0.00825
2015-09-25,0.0084
2015-09-28,0.00806
2015-09-29,0.00784
2015-09-30,0.00799
2015-10-01,0.00815
2015-10-02,0.00738
2015-10-05,0.00778
2015-10-06,0.00767
2015-10-07,0.00792
2015-10-08,0.00798
2015-10-09,0.00814
2015-10-12,0.00814
2015-10-13,0.00783
2015-10-14,0.0071
2015-10-15,0.00751
2015-10-16,0.00763
2015-10-19,0.00757
2015-10-20,0.00782
2015-10-21,0.00775
2015-10-22,0.00758
2015-10-23,0.00803
2015-10-26,0.00796
2015-10-27,0.00775
2015-10-28,0.00861
2015-10-29,0.00893
2015-10-30,0.00896
2015-11-02,0.00919
2015-11-03,0.00929
2015-11-04,0.00963
2015-11-05,0.0096
2015-11-06,0.01043
2015-11-09,0.01029
2015-11-10,0.01015
2015-11-11,0.01015
2015-11-12,0.01036
2015-11-13,0.00999
2015-11-16,0.0099
2015-11-17,0.00999
2015-11-18,0.01009
2015-11-19,0.01002
2015-11-20,0.01012
2015-11-23,0.01044
2015-11-24,0.01043
2015-11-25,0.01041
2015-11-26,0.01041
2015-11-27,0.01034
2015-11-30,0.01051
2015-12-01,0.01024
2015-12-02,0.01061
2015-12-03,0.0109
2015-12-04,0.01092
2015-12-07,0.01098
2015-12-08,0.01114
2015-12-09,0.01082
2015-12-10,0.01107
2015-12-11,0.01043
2015-12-14,0.01066
2015-12-15,0.01094
2015-12-16,0.0113
2015-12-17,0.01147
2015-12-18,0.01138
2015-12-21,0.01143
2015-12-22,0.01159
2015-12-23,0.01169
2015-12-24,0.01174
2015-12-25,0.01174
2015-12-28,0.01186
2015-12-29,0.01234
2015-12-30,0.01227
2015-12-31,0.01216
2016-01-01,0.01216
2016-01-04,0.012
2016-01-05,0.01186
2016-01-06,0.01134
2016-01-07,0.01083
2016-01-08,0.01066
2016-01-11,0.01041
2016-01-12,0.01024
2016-01-13,0.01017
2016-01-14,0.00998
2016-01-15,0.0093
2016-01-18,0.0093
2016-01-19,0.00956
2016-01-20,0.00912
2016-01-21,0.00921
2016-01-22,0.0096
2016-01-25,0.00958
2016-01-26,0.00934
2016-01-27,0.00939
2016-01-28,0.00915
2016-01-29,0.00863
2016-02-01,0.00895
2016-02-02,0.00828
2016-02-03,0.00804
2016-02-04,0.00801
2016-02-05,0.00829
2016-02-08,0.0078
2016-02-09,0.00775
2016-02-10,0.00761
2016-02-11,0.00709
2016-02-12,0.00779
2016-02-15,0.00779
2016-02-16,0.00788
2016-02-17,0.00815
2016-02-18,0.00795
2016-02-19,0.00819
2016-02-22,0.00827
2016-02-23,0.00817
2016-02-24,0.00814
2016-02-25,0.00778
2016-02-26,0.00855
2016-02-29,0.00856
2016-03-01,0.00913
2016-03-02,0.00929
2016-03-03,0.00907
2016-03-04,0.00948
2016-03-07,0.00983
2016-03-08,0.00948
2016-03-09,0.00976
2016-03-10,0.01002
2016-03-11,0.01036
2016-03-14,0.01043
2016-03-15,0.0106
2016-03-16,0.00969
2016-03-17,0.00961
2016-03-18,0.00941
2016-03-21,0.00984
2016-03-22,0.0101
2016-03-23,0.00974
2016-03-24,0.01001
2016-03-25,0.01001
2016-03-28,0.00993
2016-03-29,0.00924
2016-03-30,0.00884
2016-03-31,0.00869
2016-04-01,0.00906
2016-04-04,0.00887
2016-04-05,0.00858
2016-04-06,0.00874
2016-04-07,0.00843
2016-04-08,0.00865
2016-04-11,0.0086
2016-04-12,0.00887
2016-04-13,0.00889
2016-04-14,0.00898
2016-04-15,0.00872
2016-04-18,0.00884
2016-04-19,0.00914
2016-04-20,0.00969
2016-04-21,0.00972
2016-04-22,0.00977
2016-04-25,0.00989
2016-04-26,0.01002
2016-04-27,0.00982
2016-04-28,0.0094
2016-04-29,0.00934
2016-05-02,0.00959
2016-05-03,0.00921
2016-05-04,0.00905
2016-05-05,0.00882
2016-05-06,0.00898
2016-05-09,0.00867
2016-05-10,0.00878
2016-05-11,0.00884
2016-05-12,0.00914
2016-05-13,0.00903
2016-05-16,0.00938
2016-05-17,0.00973
2016-05-18,0.01055
2016-05-19,0.01047
2016-05-20,0.01055
2016-05-23,0.01067
2016-05-24,0.01086
2016-05-25,0.01079
2016-05-26,0.01037
2016-05-27,0.01051
2016-05-30,0.01051
2016-05-31,0.01054
2016-06-01,0.01081
2016-06-02,0.01072
2016-06-03,0.00945
2016-06-06,0.00953
2016-06-07,0.00943
2016-06-08,0.00939
2016-06-09,0.00919
2016-06-10,0.00891
2016-06-13,0.00874
2016-06-14,0.00887
2016-06-15,0.00853
2016-06-16,0.00842
2016-06-17,0.00866
2016-06-20,0.00898
2016-06-21,0.00912
2016-06-22,0.00901
2016-06-23,0.0093
2016-06-24,0.00784
2016-06-27,0.00729
2016-06-28,0.00736
2016-06-29,0.00763
2016-06-30,0.00747
2016-07-01,0.00767
2016-07-04,0.00767
2016-07-05,0.00736
2016-07-06,0.00763
2016-07-07,0.00764
2016-07-08,0.00779
2016-07-11,0.00835
2016-07-12,0.00866
2016-07-13,0.00839
2016-07-14,0.00868
2016-07-15,0.00918
2016-07-18,0.00914
2016-07-19,0.00919
2016-07-20,0.00956
2016-07-21,0.0097
2016-07-22,0.00985
2016-07-25,0.01013
2016-07-26,0.00995
2016-07-27,0.00967
2016-07-28,0.00947
2016-07-29,0.00897
2016-08-01,0.00914
2016-08-02,0.00931
2016-08-03,0.00943
2016-08-04,0.00924
2016-08-05,0.01003
2016-08-08,0.01024
2016-08-09,0.01014
2016-08-10,0.00973
2016-08-11,0.01011
2016-08-12,0.00971
2016-08-15,0.00965
2016-08-16,0.0099
2016-08-17,0.01002
2016-08-18,0.00979
2016-08-19,0.01015
2016-08-22,0.0101
2016-08-23,0.01014
2016-08-24,0.01003
2016-08-25,0.01026
2016-08-26,0.01088
2016-08-29,0.01057
2016-08-30,0.01061
2016-08-31,0.01059
2016-09-01,0.01052
2016-09-02,0.01049
2016-09-05,0.01049
2016-09-06,0.00995
2016-09-07,0.01001
2016-09-08,0.01047
2016-09-09,0.0107
2016-09-12,0.01042
2016-09-13,0.01062
2016-09-14,0.01019
2016-09-15,0.01004
2016-09-16,0.01036
2016-09-19,0.0104
2016-09-20,0.01052
2016-09-21,0.01059
2016-09-22,0.01042
2016-09-23,0.01025
2016-09-26,0.01008
2016-09-27,0.01008
2016-09-28,0.01005
2016-09-29,0.01
2016-09-30,0.01021
2016-10-03,0.01044
2016-10-04,0.01064
2016-10-05,0.01085
2016-10-06,0.01099
2016-10-07,0.01093
2016-10-10,0.01093
2016-10-11,0.01115
2016-10-12,0.01112
2016-10-13,0.01077
2016-10-14,0.01075
2016-10-17,0.01058
2016-10-18,0.01043
2016-10-19,0.01045
2016-10-20,0.01071
2016-10-21,0.01075
2016-10-24,0.01094
2016-10-25,0.01102
2016-10-26,0.01114
2016-10-27,0.01125
2016-10-28,0.01105
2016-10-31,0.011
2016-11-01,0.0108
2016-11-02,0.01068
2016-11-03,0.01065
2016-11-04,0.01052
2016-11-07,0.0109
2016-11-08,0.01121
2016-11-09,0.01173
2016-11-10,0.01189
2016-11-11,0.01189
2016-11-14,0.01264
2016-11-15,0.01277
2016-11-16,0.01275
2016-11-17,0.013
2016-11-18,0.0133
2016-11-21,0.01339
2016-11-22,0.01324
2016-11-23,0.0136
2016-11-24,0.0136
2016-11-25,0.01369
2016-11-28,0.01349
2016-11-29,0.01329
2016-11-30,0.01357
2016-12-01,0.01387
2016-12-02,0.01351
2016-12-05,0.01378
2016-12-06,0.01386
2016-12-07,0.01365
2016-12-08,0.0137
2016-12-09,0.01403
2016-12-12,0.01409
2016-12-13,0.0143
2016-12-14,0.01518
2016-12-15,0.01567
2016-12-16,0.0156
2016-12-19,0.0154
2016-12-20,0.01547
2016-12-21,0.01533
2016-12-22,0.01538
2016-12-23,0.01541
2016-12-26,0.01541
2016-12-27,0.01562
2016-12-28,0.01539
2016-12-29,0.01508
2016-12-30,0.01494
2017-01-02,0.01494
2017-01-03,0.01518
2017-01-04,0.01517
2017-01-05,0.01473
2017-01-06,0.01521
2017-01-09,0.01512
2017-01-10,0.01515
2017-01-11,0.01515
2017-01-12,0.01506
2017-01-13,0.01521
2017-01-16,0.01521
2017-01-17,0.01492
2017-01-18,0.01527
2017-01-19,0.0158
2017-01-20,0.01557
2017-01-23,0.01512
2017-01-24,0.01547
2017-01-25,0.01569
2017-01-26,0.01554
2017-01-27,0.01549
2017-01-30,0.01547
2017-01-31,0.01531
2017-02-01,0.0154
2017-02-02,0.01539
2017-02-03,0.01549
2017-02-06,0.01513
2017-02-07,0.01514
2017-02-08,0.01492
2017-02-09,0.01526
2017-02-10,0.01545
2017-02-13,0.01557
2017-02-14,0.01593
2017-02-15,0.01634
2017-02-16,0.01603
2017-02-17,0.01593
2017-02-20,0.01593
2017-02-21,0.0162
2017-02-22,0.01605
2017-02-23,0.01587
2017-02-24,0.01548
2017-02-27,0.01603
2017-02-28,0.0161
2017-03-01,0.01678
2017-03-02,0.01709
2017-03-03,0.01699
2017-03-06,0.01691
2017-03-07,0.01694
2017-03-08,0.01718
2017-03-09,0.01746
2017-03-10,0.01743
2017-03-13,0.0176
2017-03-14,0.01761
2017-03-15,0.01698
2017-03-16,0.01694
2017-03-17,0.01691
2017-03-20,0.01682
2017-03-21,0.01667
2017-03-22,0.01642
2017-03-23,0.01645
2017-03-24,0.01648
2017-03-27,0.01637
2017-03-28,0.01671
2017-03-29,0.01652
2017-03-30,0.01672
2017-03-31,0.01656
2017-04-03,0.01631
2017-04-04,0.01623
2017-04-05,0.01611
2017-04-06,0.01618
2017-04-07,0.01649
2017-04-10,0.01633
2017-04-11,0.0159
2017-04-12,0.01589
2017-04-13,0.01558
2017-04-14,0.01558
2017-04-17,0.01554
2017-04-18,0.01513
2017-04-19,0.01517
2017-04-20,0.01567
2017-04-21,0.01553
2017-04-24,0.01597
2017-04-25,0.01639
2017-04-26,0.01624
2017-04-27,0.01599
2017-04-28,0.01609
2017-05-01,0.01623
2017-05-02,0.016
2017-05-03,0.0162
2017-05-04,0.01636
2017-05-05,0.01641
2017-05-08,0.01655
2017-05-09,0.01662
2017-05-10,0.01644
2017-05-11,0.01631
2017-05-12,0.01565
2017-05-15,0.01564
2017-05-16,0.01568
2017-05-17,0.01501
2017-05-18,0.01528
2017-05-19,0.01547
2017-05-22,0.01555
2017-05-23,0.01578
2017-05-24,0.01563
2017-05-25,0.01565
2017-05-26,0.01556
2017-05-29,0.01556
2017-05-30,0.01545
2017-05-31,0.01538
2017-06-01,0.01556
2017-06-02,0.01539
2017-06-05,0.01546
2017-06-06,0.01529
2017-06-07,0.01548
2017-06-08,0.01561
2017-06-09,0.0157
2017-06-12,0.01577
2017-06-13,0.0159
2017-06-14,0.01548
2017-06-15,0.0157
2017-06-16,0.01549
2017-06-19,0.01583
2017-06-20,0.01572
2017-06-21,0.01567
2017-06-22,0.01554
2017-06-23,0.01561
2017-06-26,0.01568
2017-06-27,0.01597
2017-06-28,0.01594
2017-06-29,0.01614
2017-06-30,0.01634
2017-07-03,0.01673
2017-07-04,0.01673
2017-07-05,0.01683
2017-07-06,0.0168
2017-07-07,0.01682
2017-07-10,0.01669
2017-07-11,0.01657
2017-07-12,0.01625
2017-07-13,0.0163
2017-07-14,0.01618
2017-07-17,0.01614
2017-07-18,0.01603
2017-07-19,0.01613
2017-07-20,0.01624
2017-07-21,0.01611
2017-07-24,0.01625
2017-07-25,0.01656
2017-07-26,0.01615
2017-07-27,0.01622
2017-07-28,0.01609
2017-07-31,0.01619
2017-08-01,0.01609
2017-08-02,0.01622
2017-08-03,0.01607
2017-08-04,0.01631
2017-08-07,0.01627
2017-08-08,0.01638
2017-08-09,0.01618
2017-08-10,0.01609
2017-08-11,0.0157
2017-08-14,0.01597
2017-08-15,0.01626
2017-08-16,0.01609
2017-08-17,0.01598
2017-08-18,0.01596
2017-08-21,0.0158
2017-08-22,0.016
2017-08-23,0.01573
2017-08-24,0.01588
2017-08-25,0.01579
2017-08-28,0.01566
2017-08-29,0.01547
2017-08-30,0.01558
2017-08-31,0.01551
2017-09-01,0.0157
2017-09-04,0.0157
2017-09-05,0.01525
2017-09-06,0.0155
2017-09-07,0.01527
2017-09-08,0.01519
2017-09-11,0.01562
2017-09-12,0.01586
2017-09-13,0.01613
2017-09-14,0.01639
2017-09-15,0.01656
2017-09-18,0.01676
2017-09-19,0.01683
2017-09-20,0.01727
2017-09-21,0.01738
2017-09-22,0.01733
2017-09-25,0.01715
2017-09-26,0.01729
2017-09-27,0.01759
2017-09-28,0.01733
2017-09-29,0.01758
2017-10-02,0.01773
2017-10-03,0.0177
2017-10-04,0.01777
2017-10-05,0.01792
2017-10-06,0.0181
2017-10-09,0.0181
2017-10-10,0.01801
2017-10-11,0.01811
2017-10-12,0.01805
2017-10-13,0.01786
2017-10-16,0.01834
2017-10-17,0.01838
2017-10-18,0.01847
2017-10-19,0.01828
2017-10-20,0.0185
2017-10-23,0.01841
2017-10-24,0.01848
2017-10-25,0.01867
2017-10-26,0.01876
2017-10-27,0.0186
2017-10-30,0.0184
2017-10-31,0.01849
2017-11-01,0.01866
2017-11-02,0.01855
2017-11-03,0.01864
2017-11-06,0.0186
2017-11-07,0.01869
2017-11-08,0.01873
2017-11-09,0.0187
2017-11-10,0.01895
2017-11-13,0.01916
2017-11-14,0.01918
2017-11-15,0.01899
2017-11-16,0.01925
2017-11-17,0.01924
2017-11-20,0.01956
2017-11-21,0.0198
2017-11-22,0.0194
2017-11-23,0.0194
2017-11-24,0.01957
2017-11-27,0.01948
2017-11-28,0.01963
2017-11-29,0.01974
2017-11-30,0.02008
2017-12-01,0.01996
2017-12-04,0.02027
2017-12-05,0.02036
2017-12-06,0.02016
2017-12-07,0.02029
2017-12-08,0.02027
2017-12-11,0.02048
2017-12-12,0.02059
2017-12-13,0.02022
2017-12-14,0.02039
2017-12-15,0.02056
2017-12-18,0.02061
2017-12-19,0.02091
2017-12-20,0.021
2017-12-21,0.02112
2017-12-22,0.02123
2017-12-25,0.02123
2017-12-26,0.02125
2017-12-27,0.02102
2017-12-28,0.02108
2017-12-29,0.02096
2018-01-01,0.02096
2018-01-02,0.0213
2018-01-03,0.02139
2018-01-04,0.02167
2018-01-05,0.02174
2018-01-08,0.02179
2018-01-09,0.02192
2018-01-10,0.02197
2018-01-11,0.02193
2018-01-12,0.02225
2018-01-15,0.02225
2018-01-16,0.02252
2018-01-17,0.02282
2018-01-18,0.02283
2018-01-19,0.02297
2018-01-22,0.02315
2018-01-23,0.0228
2018-01-24,0.023
2018-01-25,0.02302
2018-01-26,0.0234
2018-01-29,0.02355
2018-01-30,0.02355
2018-01-31,0.02373
2018-02-01,0.02395
2018-02-02,0.0242
2018-02-05,0.02362
2018-02-06,0.02369
2018-02-07,0.02399
2018-02-08,0.02415
2018-02-09,0.02375
2018-02-12,0.02399
2018-02-13,0.02403
2018-02-14,0.02489
2018-02-15,0.02511
2018-02-16,0.02506
2018-02-19,0.02506
2018-02-20,0.02543
2018-02-21,0.02589
2018-02-22,0.02556
2018-02-23,0.02534
2018-02-26,0.02539
2018-02-27,0.02587
2018-02-28,0.02578
2018-03-01,0.02497
2018-03-02,0.02524
2018-03-05,0.02545
2018-03-06,0.0256
2018-03-07,0.02576
2018-03-08,0.02581
2018-03-09,0.02603
2018-03-12,0.02618
2018-03-13,0.02625
2018-03-14,0.0261
2018-03-15,0.02613
2018-03-16,0.02642
2018-03-19,0.02631
2018-03-20,0.0267
2018-03-21,0.02677
2018-03-22,0.02634
2018-03-23,0.02616
2018-03-26,0.02631
2018-03-27,0.02572
2018-03-28,0.02584
2018-03-29,0.02592
2018-03-30,0.02592
2018-04-02,0.0257
2018-04-03,0.02613
2018-04-04,0.02617
2018-04-05,0.02642
2018-04-06,0.02608
2018-04-09,0.02607
2018-04-10,0.02626
2018-04-11,0.02637
2018-04-12,0.02681
2018-04-13,0.027
2018-04-16,0.02706
2018-04-17,0.02701
2018-04-18,0.02737
2018-04-19,0.02745
2018-04-20,0.02762
2018-04-23,0.02772
2018-04-24,0.02765
2018-04-25,0.02789
2018-04-26,0.02766
2018-04-27,0.02751
2018-04-30,0.02768
2018-05-01,0.02787
2018-05-02,0.0279
2018-05-03,0.0277
2018-05-04,0.02787
2018-05-07,0.02795
2018-05-08,0.02801
2018-05-09,0.02814
2018-05-10,0.0281
2018-05-11,0.02782
2018-05-14,0.02781
2018-05-15,0.02828
2018-05-16,0.02846
2018-05-17,0.02844
2018-05-18,0.02816
2018-05-21,0.02834
2018-05-22,0.02838
2018-05-23,0.0279
2018-05-24,0.02768
2018-05-25,0.02732
2018-05-28,0.02732
2018-05-29,0.02576
2018-05-30,0.02676
2018-05-31,0.02695
2018-06-01,0.02756
2018-06-04,0.028
2018-06-05,0.02783
2018-06-06,0.02819
2018-06-07,0.02803
2018-06-08,0.02802
2018-06-11,0.02831
2018-06-12,0.02835
2018-06-13,0.02874
2018-06-14,0.0287
2018-06-15,0.02848
2018-06-18,0.02846
2018-06-19,0.0283
2018-06-20,0.02845
2018-06-21,0.02833
2018-06-22,0.02837
2018-06-25,0.02814
2018-06-26,0.02816
2018-06-27,0.02788
2018-06-28,0.02806
2018-06-29,0.02812
2018-07-02,0.02838
2018-07-03,0.02818
2018-07-04,0.02818
2018-07-05,0.0284
2018-07-06,0.0282
2018-07-09,0.02844
2018-07-10,0.0286
2018-07-11,0.0284
2018-07-12,0.02852
2018-07-13,0.02831
2018-07-16,0.02853
2018-07-17,0.02866
2018-07-18,0.02869
2018-07-19,0.0285
2018-07-20,0.02857
2018-07-23,0.02891
2018-07-24,0.02882
2018-07-25,0.0288
2018-07-26,0.02905
2018-07-27,0.02907
2018-07-30,0.02912
2018-07-31,0.02916
2018-08-01,0.02935
2018-08-02,0.0292
2018-08-03,0.02899
2018-08-06,0.02897
2018-08-07,0.02916
2018-08-08,0.02907
2018-08-09,0.0288
2018-08-10,0.02816
2018-08-13,0.02832
2018-08-14,0.02863
2018-08-15,0.02829
2018-08-16,0.02858
2018-08-17,0.02855
2018-08-20,0.02824
2018-08-21,0.02836
2018-08-22,0.02818
2018-08-23,0.02821
2018-08-24,0.02835
2018-08-27,0.02861
2018-08-28,0.02878
2018-08-29,0.0289
2018-08-30,0.02869
2018-08-31,0.02846
2018-09-03,0.02846
2018-09-04,0.0288
2018-09-05,0.02872
2018-09-06,0.02856
2018-09-07,0.02925
2018-09-10,0.02932
2018-09-11,0.02969
2018-09-12,0.02959
2018-09-13,0.02966
2018-09-14,0.02986
2018-09-17,0.02981
2018-09-18,0.02993
2018-09-19,0.03008
2018-09-20,0.03026
2018-09-21,0.03014
2018-09-24,0.03014
2018-09-25,0.03043
2018-09-26,0.0303
2018-09-27,0.03026
2018-09-28,0.03013
2018-10-01,0.03025
2018-10-02,0.03018
2018-10-03,0.03059
2018-10-04,0.03086
2018-10-05,0.03099
2018-10-08,0.03099
2018-10-09,0.03111
2018-10-10,0.03108
2018-10-11,0.0307
2018-10-12,0.03068
2018-10-15,0.03098
2018-10-16,0.03101
2018-10-17,0.03118
2018-10-18,0.03139
2018-10-19,0.03155
2018-10-22,0.03149
2018-10-23,0.0312
2018-10-24,0.03097
2018-10-25,0.03105
2018-10-26,0.03046
2018-10-29,0.03063
2018-10-30,0.03076
2018-10-31,0.03113
2018-11-01,0.03101
2018-11-02,0.03148
2018-11-05,0.03141
2018-11-06,0.03155
2018-11-07,0.0317
2018-11-08,0.03189
2018-11-09,0.0316
2018-11-12,0.0316
2018-11-13,0.0312
2018-11-14,0.03088
2018-11-15,0.0309
2018-11-16,0.03033
2018-11-19,0.02999
2018-11-20,0.03009
2018-11-21,0.03031
2018-11-22,0.03031
2018-11-23,0.0302
2018-11-26,0.03038
2018-11-27,0.03023
2018-11-28,0.02993
2018-11-29,0.03
2018-11-30,0.02997
2018-12-03,0.03022
2018-12-04,0.02989
2018-12-05,0.0299
2018-12-06,0.02936
2018-12-07,0.02872
2018-12-10,0.02854
2018-12-11,0.02891
2018-12-12,0.0291
2018-12-13,0.02905
2018-12-14,0.02877
2018-12-17,0.02843
2018-12-18,0.02778
2018-12-19,0.02775
2018-12-20,0.02805
2018-12-21,0.02786
2018-12-24,0.0271
2018-12-25,0.0271
2018-12-26,0.02728
2018-12-27,0.02668
2018-12-28,0.02661
2018-12-31,0.02645
2019-01-01,0.02645
2019-01-02,0.02656
2019-01-03,0.02517
2019-01-04,0.02621
2019-01-07,0.02647
2019-01-08,0.02703
2019-01-09,0.02693
2019-01-10,0.02698
2019-01-11,0.0268
2019-01-14,0.02683
2019-01-15,0.02679
2019-01-16,0.02692
2019-01-17,0.0271
2019-01-18,0.02756
2019-01-21,0.02756
2019-01-22,0.02712
2019-01-23,0.0273
2019-01-24,0.027
2019-01-25,0.02731
2019-01-28,0.02715
2019-01-29,0.02695
2019-01-30,0.02656
2019-01-31,0.0259
2019-02-01,0.02638
2019-02-04,0.0266
2019-02-05,0.02655
2019-02-06,0.02658
2019-02-07,0.0261
2019-02-08,0.02592
2019-02-11,0.02614
2019-02-12,0.02629
2019-02-13,0.02662
2019-02-14,0.02625
2019-02-15,0.0264
2019-02-18,0.0264
2019-02-19,0.02608
2019-02-20,0.02601
2019-02-21,0.02613
2019-02-22,0.02583
2019-02-25,0.0259
2019-02-26,0.0256
2019-02-27,0.02582
2019-02-28,0.02601
2019-03-01,0.02639
2019-03-04,0.02623
2019-03-05,0.02645
2019-03-06,0.02625
2019-03-07,0.02581
2019-03-08,0.02574
2019-03-11,0.02593
2019-03-12,0.02558
2019-03-13,0.02557
2019-03-14,0.02567
2019-03-15,0.02548
2019-03-18,0.02557
2019-03-19,0.02559
2019-03-20,0.02493
2019-03-21,0.02489
2019-03-22,0.02393
2019-03-25,0.02299
2019-03-26,0.02322
2019-03-27,0.02285
2019-03-28,0.02315
2019-03-29,0.02373
2019-04-01,0.02426
2019-04-02,0.02408
2019-04-03,0.02425
2019-04-04,0.02428
2019-04-05,0.02429
2019-04-08,0.02441
2019-04-09,0.02416
2019-04-10,0.024
2019-04-11,0.02426
2019-04-12,0.0248
2019-04-15,0.02478
2019-04-16,0.02499
2019-04-17,0.02489
2019-04-18,0.02467
2019-04-19,0.02467
2019-04-22,0.02459
2019-04-23,0.02434
2019-04-24,0.02392
2019-04-25,0.02416
2019-04-26,0.02378
2019-04-29,0.02382
2019-04-30,0.0236
2019-05-01,0.02396
2019-05-02,0.02443
2019-05-03,0.02435
2019-05-06,0.02392
2019-05-07,0.02359
2019-05-08,0.02376
2019-05-09,0.02345
2019-05-10,0.02333
2019-05-13,0.02252
2019-05-14,0.02257
2019-05-15,0.02216
2019-05-16,0.02252
2019-05-17,0.02246
2019-05-20,0.0226
2019-05-21,0.02288
2019-05-22,0.02265
2019-05-23,0.02148
2019-05-24,0.02182
2019-05-27,0.02182
2019-05-28,0.02129
2019-05-29,0.02095
2019-05-30,0.02092
2019-05-31,0.01959
2019-06-03,0.01837
2019-06-04,0.01872
2019-06-05,0.01849
2019-06-06,0.01898
2019-06-07,0.01881
2019-06-10,0.01932
2019-06-11,0.01935
2019-06-12,0.01897
2019-06-13,0.01817
2019-06-14,0.01832
2019-06-17,0.01862
2019-06-18,0.01857
2019-06-19,0.01746
2019-06-20,0.01716
2019-06-21,0.01756
2019-06-24,0.01702
2019-06-25,0.0169
2019-06-26,0.01763
2019-06-27,0.01734
2019-06-28,0.01755
2019-07-01,0.01804
2019-07-02,0.01767
2019-07-03,0.01763
2019-07-04,0.01763
2019-07-05,0.01881
2019-07-08,0.01869
2019-07-09,0.01891
2019-07-10,0.01826
2019-07-11,0.01863
2019-07-12,0.01842
2019-07-15,0.01826
2019-07-16,0.01854
2019-07-17,0.0183
2019-07-18,0.01768
2019-07-19,0.01804
2019-07-22,0.018
2019-07-23,0.01829
2019-07-24,0.01822
2019-07-25,0.01846
2019-07-26,0.01874
2019-07-29,0.01841
2019-07-30,0.01845
2019-07-31,0.01899
2019-08-01,0.01724
2019-08-02,0.01711
2019-08-05,0.01523
2019-08-06,0.01564
2019-08-07,0.01493
2019-08-08,0.01541
2019-08-09,0.01576
2019-08-12,0.01516
2019-08-13,0.01611
2019-08-14,0.01526
2019-08-15,0.01455
2019-08-16,0.01452
2019-08-19,0.01502
2019-08-20,0.0147
2019-08-21,0.01512
2019-08-22,0.01558
2019-08-23,0.01467
2019-08-26,0.01491
2019-08-27,0.0146
2019-08-28,0.01439
2019-08-29,0.01482
2019-08-30,0.01461
2019-09-02,0.01461
2019-09-03,0.01403
2019-09-04,0.01371
2019-09-05,0.01476
2019-09-06,0.0147
2019-09-09,0.01528
2019-09-10,0.01605
2019-09-11,0.01616
2019-09-12,0.01681
2019-09-13,0.01761
2019-09-16,0.01714
2019-09-17,0.01682
2019-09-18,0.01679
2019-09-19,0.01665
2019-09-20,0.01671
2019-09-23,0.01628
2019-09-24,0.01551
2019-09-25,0.01632
2019-09-26,0.01604
2019-09-27,0.01596
2019-09-30,0.01599
2019-10-01,0.0154
2019-10-02,0.01475
2019-10-03,0.01385
2019-10-04,0.01397
2019-10-07,0.01448
2019-10-08,0.01408
2019-10-09,0.01462
2019-10-10,0.01529
2019-10-11,0.01635
2019-10-14,0.01635
2019-10-15,0.01641
2019-10-16,0.01599
2019-10-17,0.01617
2019-10-18,0.01589
2019-10-21,0.0162
2019-10-22,0.01601
2019-10-23,0.01592
2019-10-24,0.01595
2019-10-25,0.01637
2019-10-28,0.01661
2019-10-29,0.01653
2019-10-30,0.01635
2019-10-31,0.0153
2019-11-01,0.01581
2019-11-04,0.01622
2019-11-05,0.01661
2019-11-06,0.0163
2019-11-07,0.01706
2019-11-08,0.01698
2019-11-11,0.01698
2019-11-12,0.01677
2019-11-13,0.01643
2019-11-14,0.01606
2019-11-15,0.01615
2019-11-18,0.01585
2019-11-19,0.01568
2019-11-20,0.01538
2019-11-21,0.01564
2019-11-22,0.01588
2019-11-25,0.01587
2019-11-26,0.01572
2019-11-27,0.01609
2019-11-28,0.01609
2019-11-29,0.01597
2019-12-02,0.01615
2019-12-03,0.0152
2019-12-04,0.01577
2019-12-05,0.01578
2019-12-06,0.01619
2019-12-09,0.01619
2019-12-10,0.01637
2019-12-11,0.01607
2019-12-12,0.01675
2019-12-13,0.01615
2019-12-16,0.01669
2019-12-17,0.01671
2019-12-18,0.01685
2019-12-19,0.01673
2019-12-20,0.01687
2019-12-23,0.0171
2019-12-24,0.01699
2019-12-25,0.01699
2019-12-26,0.01694
2019-12-27,0.0166
2019-12-30,0.0166
2019-12-31,0.01658
2020-01-01,0.01658
2020-01-02,0.01654
2020-01-03,0.01593
2020-01-06,0.01589
2020-01-07,0.01596
2020-01-08,0.01629
2020-01-09,0.01623
2020-01-10,0.01617
2020-01-13,0.01627
2020-01-14,0.01616
2020-01-15,0.01615
2020-01-16,0.01619
2020-01-17,0.01632
2020-01-20,0.01632
2020-01-21,0.01587
2020-01-22,0.01578
2020-01-23,0.01562
2020-01-24,0.01522
2020-01-27,0.01461
2020-01-28,0.01492
2020-01-29,0.01455
2020-01-30,0.01416
2020-01-31,0.01364
2020-02-03,0.01385
2020-02-04,0.01458
2020-02-05,0.0148
2020-02-06,0.01483
2020-02-07,0.01427
2020-02-10,0.01386
2020-02-11,0.014253552
2020-02-12,0.014606451
2020-02-13,0.014539184
2020-02-14,0.014322382
2020-02-20,0.013923333
2020-02-21,0.013315324
2020-02-24,0.012463639
2020-02-25,0.011930763
2020-02-26,0.011571656
2020-02-27,0.011110074
2020-02-28,0.009174198
2020-03-02,0.00870255
2020-03-03,0.007479841
2020-03-04,0.006800808
2020-03-05,0.006346012
2020-03-06,0.005933607
2020-03-09,0.004543726
2020-03-10,0.005145305
2020-03-11,0.004691813
2020-03-12,0.004555018
2020-03-13,0.005066702
2020-03-16,0.004188777
2020-03-17,0.004926148
2020-03-18,0.005652217
2020-03-19,0.005759699
2020-03-20,0.004689682
2020-03-23,0.004242626
2020-03-24,0.004657596
2020-03-25,0.004743809
2020-03-26,0.004457013
2020-03-27,0.004530349
2020-03-30,0.004252335
2020-03-31,0.004089018
2020-04-01,0.004079156
2020-04-02,0.003885074
2020-04-03,0.004018215
2020-04-06,0.004364535
2020-04-07,0.004721796
2020-04-08,0.00457611
2020-04-09,0.004053613
