date,vol
2004-05-14,130.477
2004-05-17,130.094
2004-05-18,128.917
2004-05-19,130.445
2004-05-20,130.824
2004-05-21,131.078
2004-05-24,130.406
2004-05-25,130.573
2004-05-26,130.784
2004-05-27,130.339
2004-05-28,128.205
2004-05-31,128.125
2004-06-01,134.337
2004-06-02,140.291
2004-06-03,139.843
2004-06-04,128.823
2004-06-07,126.16
2004-06-08,116.775
2004-06-09,117.314
2004-06-10,117.88
2004-06-11,118.103
2004-06-14,120.518
2004-06-15,120.686
2004-06-16,125.153
2004-06-17,125.006
2004-06-18,120.543
2004-06-21,118.509
2004-06-22,119.204
2004-06-23,120.69
2004-06-24,120.908
2004-06-25,118.505
2004-06-28,120.046
2004-06-29,119.848
2004-06-30,119.748
2004-07-01,111.393
2004-07-02,111.665
2004-07-05,111.648
2004-07-06,111.038
2004-07-07,112.504
2004-07-08,113.374
2004-07-09,113.495
2004-07-12,121.087
2004-07-13,126.539
2004-07-14,126.221
2004-07-15,126.18
2004-07-16,126.411
2004-07-19,119.745
2004-07-20,118.092
2004-07-21,112.73
2004-07-22,112.346
2004-07-23,111.704
2004-07-26,111.444
2004-07-27,116.285
2004-07-28,113.236
2004-07-29,111.351
2004-07-30,111.759
2004-08-02,115.605
2004-08-03,116.44
2004-08-04,116.683
2004-08-05,117.766
2004-08-06,115.564
2004-08-09,115.859
2004-08-10,112.314
2004-08-11,108.349
2004-08-12,107.525
2004-08-13,105.191
2004-08-16,106.531
2004-08-17,108.036
2004-08-18,113.857
2004-08-19,111.034
2004-08-20,111.065
2004-08-23,110.478
2004-08-24,111.674
2004-08-25,113.899
2004-08-26,114.169
2004-08-27,114.398
2004-08-30,112.744
2004-08-31,113.322
2004-09-01,117.209
2004-09-02,115.038
2004-09-03,108.832
2004-09-06,108.814
2004-09-07,108.562
2004-09-08,108.909
2004-09-09,108.725
2004-09-10,107.614
2004-09-13,105.33
2004-09-14,103.684
2004-09-15,103.722
2004-09-16,103.829
2004-09-17,103.967
2004-09-20,104.316
2004-09-21,103.472
2004-09-22,105
2004-09-23,104.287
2004-09-24,104.408
2004-09-27,104.376
2004-09-28,104.048
2004-09-29,104.173
2004-09-30,104.393
2004-10-01,101.953
2004-10-04,101.749
2004-10-05,101.696
2004-10-06,101.682
2004-10-07,101.811
2004-10-08,99.702
2004-10-11,99.866
2004-10-12,98.828
2004-10-13,95.788
2004-10-14,95.907
2004-10-15,95.894
2004-10-18,96.105
2004-10-19,96.821
2004-10-20,96.894
2004-10-21,97.048
2004-10-22,97.049
2004-10-25,96.713
2004-10-26,98.323
2004-10-27,98.706
2004-10-28,101.284
2004-10-29,99.868
2004-11-01,103.743
2004-11-02,105.465
2004-11-03,106.258
2004-11-04,107.1
2004-11-05,100.064
2004-11-08,95.225
2004-11-09,91.225
2004-11-10,89.679
2004-11-11,89.905
2004-11-12,88.17
2004-11-15,89.683
2004-11-16,89.648
2004-11-17,88.026
2004-11-18,88.097
2004-11-19,88.997
2004-11-22,92.053
2004-11-23,90.878
2004-11-24,90.861
2004-11-25,91.159
2004-11-26,91.075
2004-11-29,97.682
2004-11-30,98.026
2004-12-01,94.794
2004-12-02,94.917
2004-12-03,90.185
2004-12-06,90.129
2004-12-07,88.509
2004-12-08,89.617
2004-12-09,89.768
2004-12-10,89.474
2004-12-13,88.219
2004-12-14,87.76
2004-12-15,87.223
2004-12-16,87.315
2004-12-17,86.55
2004-12-20,84.913
2004-12-21,83.93
2004-12-22,83.924
2004-12-23,84.083
2004-12-24,84.077
2004-12-27,84.202
2004-12-28,88.05
2004-12-29,88.865
2004-12-30,89.1
2004-12-31,84.962
2005-01-03,83.858
2005-01-04,86.755
2005-01-05,86.431
2005-01-06,83.394
2005-01-07,77.871
2005-01-10,76.969
2005-01-11,76.145
2005-01-12,74.709
2005-01-13,75.336
2005-01-14,75.451
2005-01-17,75.609
2005-01-18,76.179
2005-01-19,75.013
2005-01-20,74.775
2005-01-21,74.798
2005-01-24,74.755
2005-01-25,74.872
2005-01-26,75.652
2005-01-27,77.552
2005-01-28,76.326
2005-01-31,76.356
2005-02-01,74.615
2005-02-02,73.823
2005-02-03,73.169
2005-02-04,73.961
2005-02-07,72.87
2005-02-08,71.288
2005-02-09,76.042
2005-02-10,77.606
2005-02-11,76.339
2005-02-14,79.686
2005-02-15,80.006
2005-02-16,76.044
2005-02-17,73.68
2005-02-18,75.266
2005-02-21,75.097
2005-02-22,78.423
2005-02-23,78.381
2005-02-24,79.143
2005-02-25,78.903
2005-02-28,84.575
2005-03-01,85.816
2005-03-02,88.178
2005-03-03,88.322
2005-03-04,80.416
2005-03-07,78.764
2005-03-08,82.687
2005-03-09,81.087
2005-03-10,81.202
2005-03-11,78.37
2005-03-14,81.453
2005-03-15,79.828
2005-03-16,81.095
2005-03-17,80.915
2005-03-18,79.021
2005-03-21,77.34
2005-03-22,81.268
2005-03-23,83.708
2005-03-24,82.923
2005-03-25,82.923
2005-03-28,85.382
2005-03-29,88.955
2005-03-30,90.798
2005-03-31,83.714
2005-04-01,78.047
2005-04-04,75.66
2005-04-05,75.169
2005-04-06,75.926
2005-04-07,79.427
2005-04-08,81.373
2005-04-11,79.75
2005-04-12,76.558
2005-04-13,77.646
2005-04-14,77.674
2005-04-15,81.688
2005-04-18,89.574
2005-04-19,91.13
2005-04-20,90.617
2005-04-21,92.561
2005-04-22,90.181
2005-04-25,89.933
2005-04-26,88.672
2005-04-27,91.014
2005-04-28,91.071
2005-04-29,92.263
2005-05-02,92.554
2005-05-03,91.308
2005-05-04,90.507
2005-05-05,89.506
2005-05-06,87.617
2005-05-09,87.535
2005-05-10,88.456
2005-05-11,90.025
2005-05-12,91.081
2005-05-13,93.494
2005-05-16,96.598
2005-05-17,94.668
2005-05-18,92.584
2005-05-19,91.112
2005-05-20,89.559
2005-05-23,90.301
2005-05-24,89.805
2005-05-25,85.512
2005-05-26,83.521
2005-05-27,82.764
2005-05-30,82.789
2005-05-31,85.081
2005-06-01,90.633
2005-06-02,90.627
2005-06-03,89.845
2005-06-06,90.317
2005-06-07,92.205
2005-06-08,91.702
2005-06-09,91.409
2005-06-10,91.716
2005-06-13,90.919
2005-06-14,88.996
2005-06-15,79.929
2005-06-16,79.951
2005-06-17,79.672
2005-06-20,79.646
2005-06-21,81.224
2005-06-22,82.8
2005-06-23,82.837
2005-06-24,82.23
2005-06-27,82.359
2005-06-28,82.639
2005-06-29,84.249
2005-06-30,83.518
2005-07-01,85.979
2005-07-04,85.875
2005-07-05,89.359
2005-07-06,90.455
2005-07-07,90.502
2005-07-08,84.955
2005-07-11,84.907
2005-07-12,82.988
2005-07-13,82.182
2005-07-14,78.254
2005-07-15,76.364
2005-07-18,76.306
2005-07-19,75.978
2005-07-20,74.858
2005-07-21,76.509
2005-07-22,76.203
2005-07-25,75.361
2005-07-26,73.174
2005-07-27,70.594
2005-07-28,68.725
2005-07-29,67.631
2005-08-01,69.666
2005-08-02,68.941
2005-08-03,66.952
2005-08-04,65.406
2005-08-05,64.473
2005-08-08,65.715
2005-08-09,66.17
2005-08-10,65.921
2005-08-11,65.492
2005-08-12,66.606
2005-08-15,67.043
2005-08-16,68.297
2005-08-17,69.084
2005-08-18,69.757
2005-08-19,70.087
2005-08-22,70.218
2005-08-23,70.523
2005-08-24,70.994
2005-08-25,71.043
2005-08-26,71.043
2005-08-29,71.052
2005-08-30,72.903
2005-08-31,81.133
2005-09-01,96.259
2005-09-02,91.512
2005-09-05,91.573
2005-09-06,92.261
2005-09-07,92.279
2005-09-08,90.669
2005-09-09,87.571
2005-09-12,88.207
2005-09-13,88.224
2005-09-14,88.213
2005-09-15,89.02
2005-09-16,88.251
2005-09-19,91.104
2005-09-20,87.024
2005-09-21,87.102
2005-09-22,87.149
2005-09-23,85.561
2005-09-26,84.581
2005-09-27,83.695
2005-09-28,81.988
2005-09-29,82.137
2005-09-30,82.149
2005-10-03,84.347
2005-10-04,85.13
2005-10-05,83.873
2005-10-06,83.121
2005-10-07,82.325
2005-10-10,82.245
2005-10-11,81.871
2005-10-12,82.836
2005-10-13,85.23
2005-10-14,83.666
2005-10-17,83.66
2005-10-18,83.344
2005-10-19,82.679
2005-10-20,81.914
2005-10-21,79.873
2005-10-24,79.538
2005-10-25,79.238
2005-10-26,78.726
2005-10-27,75.583
2005-10-28,74.816
2005-10-31,74.853
2005-11-01,73.267
2005-11-02,74.053
2005-11-03,74.794
2005-11-04,70.079
2005-11-07,71.708
2005-11-08,73.297
2005-11-09,75.037
2005-11-10,73.376
2005-11-11,73.376
2005-11-14,75.035
2005-11-15,75.032
2005-11-16,75.031
2005-11-17,73.066
2005-11-18,69.923
2005-11-21,68.733
2005-11-22,72.369
2005-11-23,72.372
2005-11-24,72.372
2005-11-25,72.27
2005-11-28,70.958
2005-11-29,71.747
2005-11-30,71.745
2005-12-01,72.112
2005-12-02,71.017
2005-12-05,71.024
2005-12-06,70.71
2005-12-07,70.217
2005-12-08,69.441
2005-12-09,69.448
2005-12-12,70.698
2005-12-13,69.12
2005-12-14,69.107
2005-12-15,67.53
2005-12-16,66.589
2005-12-19,65.014
2005-12-20,63.748
2005-12-21,63.731
2005-12-22,63.428
2005-12-23,63.437
2005-12-26,63.437
2005-12-27,65.012
2005-12-28,67.059
2005-12-29,68.956
2005-12-30,68.964
2006-01-02,68.98
2006-01-03,73.279
2006-01-04,75.301
2006-01-05,74.668
2006-01-06,71.504
2006-01-09,69.46
2006-01-10,54.45
2006-01-11,69.134
2006-01-12,69.925
2006-01-13,70.703
2006-01-16,70.703
2006-01-17,73.401
2006-01-18,78.924
2006-01-19,72.604
2006-01-20,74.337
2006-01-23,75.917
2006-01-24,75.919
2006-01-25,79.845
2006-01-26,78.321
2006-01-27,77.531
2006-01-30,79.893
2006-01-31,75.953
2006-02-01,75.143
2006-02-02,75.143
2006-02-03,70.262
2006-02-06,70.278
2006-02-07,70.262
2006-02-08,70.246
2006-02-09,71.363
2006-02-10,72.785
2006-02-13,73.589
2006-02-14,73.099
2006-02-15,68.348
2006-02-16,64.976
2006-02-17,66.045
2006-02-20,66.045
2006-02-21,62.855
2006-02-22,59.678
2006-02-23,59.362
2006-02-24,56.202
2006-02-27,56.996
2006-02-28,57.132
2006-03-01,57.897
2006-03-02,61.135
2006-03-03,60.351
2006-03-06,63.963
2006-03-07,67.919
2006-03-08,66.688
2006-03-09,63.057
2006-03-10,58.316
2006-03-13,59.813
2006-03-14,58.919
2006-03-15,59.659
2006-03-16,61.079
2006-03-17,62.657
2006-03-20,62.488
2006-03-21,64.386
2006-03-22,64.402
2006-03-23,63.929
2006-03-24,65.981
2006-03-27,67.546
2006-03-28,66.306
2006-03-29,68.992
2006-03-30,72.153
2006-03-31,70.417
2006-04-03,70.872
2006-04-04,69.284
2006-04-05,68.81
2006-04-06,69.616
2006-04-07,70.406
2006-04-10,71.18
2006-04-11,73.866
2006-04-12,73.866
2006-04-13,75.93
2006-04-14,75.734
2006-04-17,75.718
2006-04-18,75.402
2006-04-19,75.244
2006-04-20,73.522
2006-04-21,73.048
2006-04-24,71.932
2006-04-25,73.506
2006-04-26,73.507
2006-04-27,71.143
2006-04-28,67.668
2006-05-01,69.556
2006-05-02,73.7
2006-05-03,73.212
2006-05-04,72.097
2006-05-05,67.465
2006-05-08,69.175
2006-05-09,69.057
2006-05-10,66.315
2006-05-11,65.26
2006-05-12,66.88
2006-05-15,70.16
2006-05-16,68.589
2006-05-17,66.94
2006-05-18,68.894
2006-05-19,70.012
2006-05-22,74.513
2006-05-23,72.609
2006-05-24,72.029
2006-05-25,69.711
2006-05-26,67.691
2006-05-29,67.691
2006-05-30,71.74
2006-05-31,71.024
2006-06-01,67.648
2006-06-02,66.392
2006-06-05,66.219
2006-06-06,65.446
2006-06-07,67.355
2006-06-08,67.866
2006-06-09,65.896
2006-06-12,67.495
2006-06-13,66.741
2006-06-14,66.171
2006-06-15,64.25
2006-06-16,64.657
2006-06-19,68.782
2006-06-20,68.82
2006-06-21,69.563
2006-06-22,68.423
2006-06-23,70.098
2006-06-26,71.969
2006-06-27,71.677
2006-06-28,71.063
2006-06-29,67.504
2006-06-30,65.795
2006-07-03,68.725
2006-07-04,68.725
2006-07-05,69.992
2006-07-06,69.106
2006-07-07,66.229
2006-07-10,69.052
2006-07-11,69.583
2006-07-12,67.163
2006-07-13,69.576
2006-07-14,70.85
2006-07-17,74.883
2006-07-18,75.728
2006-07-19,71.614
2006-07-20,70.984
2006-07-21,72.227
2006-07-24,72.926
2006-07-25,73.456
2006-07-26,70.978
2006-07-27,70.69
2006-07-28,71.338
2006-07-31,74.531
2006-08-01,76.586
2006-08-02,72.625
2006-08-03,74.288
2006-08-04,68.043
2006-08-07,68.158
2006-08-08,65.816
2006-08-09,60.104
2006-08-10,63.556
2006-08-11,63.176
2006-08-14,65.123
2006-08-15,66.686
2006-08-16,65.027
2006-08-17,63.594
2006-08-18,61.984
2006-08-21,65.302
2006-08-22,65.821
2006-08-23,63.987
2006-08-24,63.719
2006-08-25,62.485
2006-08-28,64.078
2006-08-29,64.789
2006-08-30,64.799
2006-08-31,66.282
2006-09-01,62.6
2006-09-04,62.6
2006-09-05,64.625
2006-09-06,66.341
2006-09-07,61.72
2006-09-08,61.415
2006-09-11,62.978
2006-09-12,63.046
2006-09-13,63.906
2006-09-14,62.136
2006-09-15,59.943
2006-09-18,63.131
2006-09-19,62.743
2006-09-20,62.829
2006-09-21,60.346
2006-09-22,73.551
2006-09-25,79.633
2006-09-26,74.852
2006-09-27,73.448
2006-09-28,69.227
2006-09-29,69.173
2006-10-02,71.034
2006-10-03,72.531
2006-10-04,72.722
2006-10-05,73.224
2006-10-06,70.225
2006-10-09,70.225
2006-10-10,74.222
2006-10-11,70.986
2006-10-12,69.274
2006-10-13,68.174
2006-10-16,70.828
2006-10-17,71.568
2006-10-18,67.258
2006-10-19,66.741
2006-10-20,63.603
2006-10-23,66.109
2006-10-24,65.707
2006-10-25,63.633
2006-10-26,63.432
2006-10-27,64.452
2006-10-30,66.87
2006-10-31,68.912
2006-11-01,71.842
2006-11-02,69.595
2006-11-03,66.734
2006-11-06,68.309
2006-11-07,68.637
2006-11-08,71.393
2006-11-09,68.384
2006-11-10,68.74
2006-11-13,74.205
2006-11-14,75.782
2006-11-15,75.55
2006-11-16,71.631
2006-11-17,70.304
2006-11-20,72.248
2006-11-21,70.582
2006-11-22,70.331
2006-11-23,70.331
2006-11-24,68.961
2006-11-27,71.93
2006-11-28,74.683
2006-11-29,73.64
2006-11-30,76.009
2006-12-01,77.894
2006-12-04,82.757
2006-12-05,87.206
2006-12-06,87.509
2006-12-07,87.172
2006-12-08,81.804
2006-12-11,84.446
2006-12-12,82.937
2006-12-13,76.1
2006-12-14,75.154
2006-12-15,73.381
2006-12-18,77.12
2006-12-19,75.071
2006-12-20,72.061
2006-12-21,70.948
2006-12-22,72.332
2006-12-25,72.332
2006-12-26,77.302
2006-12-27,75.341
2006-12-28,76.012
2006-12-29,76.33
2007-01-01,76.33
2007-01-02,86.571
2007-01-03,83.516
2007-01-04,84.681
2007-01-05,79.129
2007-01-08,77.286
2007-01-09,74.131
2007-01-10,70.405
2007-01-11,70.691
2007-01-12,69.368
2007-01-15,69.368
2007-01-16,70.587
2007-01-17,65.155
2007-01-18,61.756
2007-01-19,60.474
2007-01-22,62.323
2007-01-23,61.453
2007-01-24,58.979
2007-01-25,63.297
2007-01-26,62.508
2007-01-29,64.15
2007-01-30,63.908
2007-01-31,64.911
2007-02-01,64.901
2007-02-02,60.614
2007-02-05,59.516
2007-02-06,59.813
2007-02-07,61.217
2007-02-08,60.415
2007-02-09,63.997
2007-02-12,62.671
2007-02-13,63.115
2007-02-14,62.594
2007-02-15,63.909
2007-02-16,64.718
2007-02-19,64.718
2007-02-20,64.785
2007-02-21,61.618
2007-02-22,61.9
2007-02-23,63.97
2007-02-26,66.096
2007-02-27,81.885
2007-02-28,80.673
2007-03-01,85.477
2007-03-02,88.413
2007-03-05,89.749
2007-03-06,83.715
2007-03-07,83.79
2007-03-08,84.319
2007-03-09,73.663
2007-03-12,78.543
2007-03-13,88.789
2007-03-14,86.162
2007-03-15,82.999
2007-03-16,80.611
2007-03-19,81.451
2007-03-20,81.27
2007-03-21,80.818
2007-03-22,80.069
2007-03-23,79.67
2007-03-26,83.96
2007-03-27,86.767
2007-03-28,83.821
2007-03-29,78.856
2007-03-30,77.514
2007-04-02,80.42
2007-04-03,78.376
2007-04-04,81.164
2007-04-05,76.891
2007-04-06,73.294
2007-04-09,71.864
2007-04-10,74.072
2007-04-11,73.297
2007-04-12,69.184
2007-04-13,67.597
2007-04-16,71.996
2007-04-17,73.131
2007-04-18,72.515
2007-04-19,69.712
2007-04-20,69.385
2007-04-23,71.547
2007-04-24,71.264
2007-04-25,70.462
2007-04-26,68.198
2007-04-27,66.9
2007-04-30,71.815
2007-05-01,75.686
2007-05-02,71.957
2007-05-03,71.214
2007-05-04,66.42
2007-05-07,66.441
2007-05-08,66.164
2007-05-09,62.86
2007-05-10,61.331
2007-05-11,60.815
2007-05-14,63.583
2007-05-15,63.277
2007-05-16,59.508
2007-05-17,60.928
2007-05-18,63.921
2007-05-21,63.412
2007-05-22,62.576
2007-05-23,61.153
2007-05-24,60.987
2007-05-25,61.111
2007-05-28,61.111
2007-05-29,66.372
2007-05-30,64.418
2007-05-31,63.975
2007-06-01,59.648
2007-06-04,57.737
2007-06-05,58.249
2007-06-06,60.612
2007-06-07,68.218
2007-06-08,71.052
2007-06-11,56.886
2007-06-12,72.736
2007-06-13,69.529
2007-06-14,59.353
2007-06-15,55.627
2007-06-18,59.046
2007-06-19,62.85
2007-06-20,67.055
2007-06-21,68.113
2007-06-22,67.173
2007-06-25,75.136
2007-06-26,73.684
2007-06-27,77.138
2007-06-28,71.714
2007-06-29,69.767
2007-07-02,73.129
2007-07-03,73.04
2007-07-04,73.04
2007-07-05,72.443
2007-07-06,69.583
2007-07-09,70.04
2007-07-10,78.762
2007-07-11,75.151
2007-07-12,70.939
2007-07-13,67.19
2007-07-16,66.546
2007-07-17,65.19
2007-07-18,65.125
2007-07-19,63.792
2007-07-20,68.124
2007-07-23,69.859
2007-07-24,72.88
2007-07-25,71.227
2007-07-26,89.368
2007-07-27,98.137
2007-07-30,94.413
2007-07-31,92.906
2007-08-01,88.782
2007-08-02,90.309
2007-08-03,101.835
2007-08-06,112.552
2007-08-07,104.299
2007-08-08,93.032
2007-08-09,110.564
2007-08-10,115.181
2007-08-13,115.525
2007-08-14,119.09
2007-08-15,115.495
2007-08-16,125.928
2007-08-17,124.129
2007-08-20,131.913
2007-08-21,133.645
2007-08-22,129.149
2007-08-23,126.207
2007-08-24,121.585
2007-08-27,125.467
2007-08-28,130.811
2007-08-29,130.392
2007-08-30,136.385
2007-08-31,140.972
2007-09-03,140.972
2007-09-04,141.899
2007-09-05,148.56
2007-09-06,135.484
2007-09-07,142.084
2007-09-10,152.511
2007-09-11,149.369
2007-09-12,151.605
2007-09-13,140.958
2007-09-14,139.466
2007-09-17,142.277
2007-09-18,136.634
2007-09-19,120.119
2007-09-20,124.49
2007-09-21,126.721
2007-09-24,132.313
2007-09-25,133.511
2007-09-26,132.359
2007-09-27,127.402
2007-09-28,127.202
2007-10-01,134.806
2007-10-02,135.141
2007-10-03,122.006
2007-10-04,122.226
2007-10-05,115.224
2007-10-08,115.224
2007-10-09,115.047
2007-10-10,104.182
2007-10-11,99.764
2007-10-12,95.333
2007-10-15,95.397
2007-10-16,99.047
2007-10-17,100.566
2007-10-18,101.775
2007-10-19,104.971
2007-10-22,110.621
2007-10-23,109.183
2007-10-24,116.747
2007-10-25,112.917
2007-10-26,109.697
2007-10-29,111.739
2007-10-30,109.483
2007-10-31,103.604
2007-11-01,110.121
2007-11-02,113.697
2007-11-05,117.084
2007-11-06,114.017
2007-11-07,121.889
2007-11-08,128.809
2007-11-09,123.653
2007-11-12,123.653
2007-11-13,117.999
2007-11-14,113.278
2007-11-15,118.031
2007-11-16,118.744
2007-11-19,125.556
2007-11-20,127.434
2007-11-21,132.357
2007-11-22,132.357
2007-11-23,129.246
2007-11-26,132.75
2007-11-27,142.544
2007-11-28,136.856
2007-11-29,137.479
2007-11-30,134.152
2007-12-03,141.87
2007-12-04,149.228
2007-12-05,136.532
2007-12-06,132.972
2007-12-07,131.927
2007-12-10,134.795
2007-12-11,140.26
2007-12-12,134.805
2007-12-13,131.006
2007-12-14,128.862
2007-12-17,134.34
2007-12-18,134.618
2007-12-19,134.094
2007-12-20,136.581
2007-12-21,131.344
2007-12-24,136.258
2007-12-25,136.258
2007-12-26,132.319
2007-12-27,128.334
2007-12-28,131.426
2007-12-31,142.878
2008-01-01,142.878
2008-01-02,143.057
2008-01-03,141.384
2008-01-04,134.834
2008-01-07,133.382
2008-01-08,125.859
2008-01-09,129.18
2008-01-10,126.93
2008-01-11,129.385
2008-01-14,135.25
2008-01-15,134.835
2008-01-16,128.158
2008-01-17,128.023
2008-01-18,130.359
2008-01-21,130.359
2008-01-22,149.282
2008-01-23,162.465
2008-01-24,173.552
2008-01-25,179.784
2008-01-28,180.089
2008-01-29,173.438
2008-01-30,158.257
2008-01-31,163.829
2008-02-01,142.778
2008-02-04,144.949
2008-02-05,150.598
2008-02-06,147.3
2008-02-07,153.05
2008-02-08,150.284
2008-02-11,157.128
2008-02-12,154.023
2008-02-13,152.41
2008-02-14,154.014
2008-02-15,143.489
2008-02-18,143.489
2008-02-19,154.784
2008-02-20,164.59
2008-02-21,164
2008-02-22,163.523
2008-02-25,168.753
2008-02-26,163.603
2008-02-27,157.109
2008-02-28,154.765
2008-02-29,157.532
2008-03-03,164.517
2008-03-04,172.116
2008-03-05,170.076
2008-03-06,177.087
2008-03-07,177.697
2008-03-10,181.984
2008-03-11,170.839
2008-03-12,164.145
2008-03-13,168.251
2008-03-14,172.677
2008-03-17,178.5
2008-03-18,165.625
2008-03-19,156.329
2008-03-20,152.061
2008-03-21,152.061
2008-03-24,161.954
2008-03-25,165.148
2008-03-26,159.684
2008-03-27,154.999
2008-03-28,149.02
2008-03-31,155.16
2008-04-01,153.58
2008-04-02,158.432
2008-04-03,148.039
2008-04-04,140.63
2008-04-07,144.117
2008-04-08,138.506
2008-04-09,141.342
2008-04-10,136.465
2008-04-11,139.471
2008-04-14,143.113
2008-04-15,146.256
2008-04-16,161.536
2008-04-17,169.46
2008-04-18,171.84
2008-04-21,172.078
2008-04-22,174.576
2008-04-23,171.826
2008-04-24,167.847
2008-04-25,167.862
2008-04-28,169.774
2008-04-29,165.69
2008-04-30,152.862
2008-05-01,138.834
2008-05-02,131.17
2008-05-05,136.594
2008-05-06,140.064
2008-05-07,137.041
2008-05-08,142.619
2008-05-09,144
2008-05-12,146.668
2008-05-13,152.574
2008-05-14,157.264
2008-05-15,154.042
2008-05-16,149.827
2008-05-19,147.05
2008-05-20,147.114
2008-05-21,140.827
2008-05-22,146.28
2008-05-23,145.349
2008-05-26,145.349
2008-05-27,157.302
2008-05-28,155.439
2008-05-29,161.725
2008-05-30,156.241
2008-06-02,163.507
2008-06-03,167.978
2008-06-04,157.735
2008-06-05,156.301
2008-06-06,162.599
2008-06-09,194.657
2008-06-10,203.169
2008-06-11,199.764
2008-06-12,202.356
2008-06-13,200.891
2008-06-16,194.91
2008-06-17,196.192
2008-06-18,190.447
2008-06-19,179.907
2008-06-20,178.096
2008-06-23,185.491
2008-06-24,184.462
2008-06-25,175.916
2008-06-26,177.669
2008-06-27,179.675
2008-06-30,178.152
2008-07-01,188.012
2008-07-02,181.573
2008-07-03,166.25
2008-07-04,166.25
2008-07-07,171.271
2008-07-08,166.856
2008-07-09,156.65
2008-07-10,160.374
2008-07-11,169.874
2008-07-14,172.289
2008-07-15,171.227
2008-07-16,156.608
2008-07-17,169.172
2008-07-18,168.977
2008-07-21,172.598
2008-07-22,165.839
2008-07-23,161.659
2008-07-24,161.455
2008-07-25,159.14
2008-07-28,164.596
2008-07-29,160.843
2008-07-30,157.43
2008-07-31,154.121
2008-08-01,140.711
2008-08-04,143.799
2008-08-05,141.957
2008-08-06,134.739
2008-08-07,131.715
2008-08-08,127.541
2008-08-11,131.888
2008-08-12,134.686
2008-08-13,133.653
2008-08-14,131.267
2008-08-15,130.414
2008-08-18,135.935
2008-08-19,132.78
2008-08-20,129.255
2008-08-21,123.579
2008-08-22,122.89
2008-08-25,127.963
2008-08-26,126.463
2008-08-27,118.936
2008-08-28,116.739
2008-08-29,116.3
2008-09-01,116.3
2008-09-02,123.877
2008-09-03,126.574
2008-09-04,126.783
2008-09-05,123.095
2008-09-08,136.522
2008-09-09,144.447
2008-09-10,142.034
2008-09-11,137.278
2008-09-12,137.344
2008-09-15,189.922
2008-09-16,196.407
2008-09-17,186.615
2008-09-18,182.635
2008-09-19,184.589
2008-09-22,187.112
2008-09-23,190.718
2008-09-24,192.492
2008-09-25,183.546
2008-09-26,191.025
2008-09-29,215.106
2008-09-30,229.41
2008-10-01,219.038
2008-10-02,226.415
2008-10-03,218.841
2008-10-06,255.67
2008-10-07,268.834
2008-10-08,274.06
2008-10-09,288.405
2008-10-10,297.978
2008-10-13,297.978
2008-10-14,252.51
2008-10-15,240.692
2008-10-16,234.954
2008-10-17,219.063
2008-10-20,206.362
2008-10-21,205.209
2008-10-22,207.6
2008-10-23,231.939
2008-10-24,234.758
2008-10-27,239.383
2008-10-28,226.738
2008-10-29,211.39
2008-10-30,188.532
2008-10-31,185.356
2008-11-03,185.288
2008-11-04,186.244
2008-11-05,195.822
2008-11-06,187.541
2008-11-07,175.07
2008-11-10,177.668
2008-11-11,177.668
2008-11-12,181.868
2008-11-13,197.811
2008-11-14,207.756
2008-11-17,213.609
2008-11-18,212.35
2008-11-19,204.921
2008-11-20,221.468
2008-11-21,218.735
2008-11-24,216.01
2008-11-25,208.873
2008-11-26,210.502
2008-11-27,210.502
2008-11-28,210.668
2008-12-01,209.722
2008-12-02,198.495
2008-12-03,183.732
2008-12-04,186.232
2008-12-05,187.659
2008-12-08,197.547
2008-12-09,193.217
2008-12-10,187.148
2008-12-11,189.739
2008-12-12,189.998
2008-12-15,175.867
2008-12-16,150.231
2008-12-17,135.181
2008-12-18,136.978
2008-12-19,141.342
2008-12-22,150.126
2008-12-23,145.806
2008-12-24,137.876
2008-12-25,137.876
2008-12-26,138.822
2008-12-29,142.981
2008-12-30,142.794
2008-12-31,138.826
2009-01-01,138.826
2009-01-02,131.498
2009-01-05,124.312
2009-01-06,122.759
2009-01-07,107.859
2009-01-08,110.437
2009-01-09,96.03
2009-01-12,97.141
2009-01-13,89.26
2009-01-14,90.615
2009-01-15,102.7
2009-01-16,98.922
2009-01-19,98.922
2009-01-20,121.749
2009-01-21,129.472
2009-01-22,127.603
2009-01-23,131.55
2009-01-26,135.338
2009-01-27,126.618
2009-01-28,121.185
2009-01-29,123.042
2009-01-30,145.97
2009-02-02,146.001
2009-02-03,140.398
2009-02-04,140.827
2009-02-05,132.681
2009-02-06,137.296
2009-02-09,125.792
2009-02-10,128.871
2009-02-11,114.408
2009-02-12,110.311
2009-02-13,119.729
2009-02-16,119.729
2009-02-17,123.765
2009-02-18,123.624
2009-02-19,120.291
2009-02-20,117.348
2009-02-23,113.115
2009-02-24,110.328
2009-02-25,112.607
2009-02-26,110.183
2009-02-27,109.365
2009-03-02,110.962
2009-03-03,116.926
2009-03-04,108.96
2009-03-05,101.236
2009-03-06,98.068
2009-03-09,112.669
2009-03-10,100.437
2009-03-11,97.466
2009-03-12,97.643
2009-03-13,93.818
2009-03-16,95.803
2009-03-17,100.382
2009-03-18,105.736
2009-03-19,94.034
2009-03-20,85.741
2009-03-23,86.069
2009-03-24,87.668
2009-03-25,90.119
2009-03-26,87.64
2009-03-27,86.262
2009-03-30,90.215
2009-03-31,86.973
2009-04-01,83.007
2009-04-02,78.618
2009-04-03,94.386
2009-04-06,102.373
2009-04-07,96.926
2009-04-08,95.994
2009-04-09,92.827
2009-04-10,92.85
2009-04-13,89.902
2009-04-14,85.712
2009-04-15,81.052
2009-04-16,81.841
2009-04-17,90.324
2009-04-20,92.146
2009-04-21,94.789
2009-04-22,97.579
2009-04-23,93.293
2009-04-24,100.901
2009-04-27,96.98
2009-04-28,95.187
2009-04-29,94.398
2009-04-30,95.217
2009-05-01,92.321
2009-05-04,94.941
2009-05-05,98.53
2009-05-06,89.256
2009-05-07,90.134
2009-05-08,88.02
2009-05-11,92.199
2009-05-12,96.964
2009-05-13,94.048
2009-05-14,90.345
2009-05-15,89.792
2009-05-18,90.21
2009-05-19,89.543
2009-05-20,84.824
2009-05-21,89.102
2009-05-22,96.67
2009-05-25,96.67
2009-05-26,103.299
2009-05-27,106.092
2009-05-28,107.283
2009-05-29,102.119
2009-06-01,121.633
2009-06-02,114.666
2009-06-03,100.945
2009-06-04,107.409
2009-06-05,173.987
2009-06-08,191.025
2009-06-09,182.995
2009-06-10,180.504
2009-06-11,165.813
2009-06-12,155.117
2009-06-15,157.471
2009-06-16,157.578
2009-06-17,157.082
2009-06-18,167.575
2009-06-19,170.869
2009-06-22,164.918
2009-06-23,158.606
2009-06-24,147.413
2009-06-25,136.042
2009-06-26,134.023
2009-06-29,134.504
2009-06-30,141.926
2009-07-01,136.507
2009-07-02,118.572
2009-07-06,119.664
2009-07-07,118.426
2009-07-08,109.936
2009-07-09,114.174
2009-07-10,113.587
2009-07-13,121.909
2009-07-14,127.221
2009-07-15,134.058
2009-07-16,120.837
2009-07-17,122.123
2009-07-20,119.43
2009-07-21,111.692
2009-07-22,106.377
2009-07-23,118.624
2009-07-24,112.003
2009-07-27,115.746
2009-07-28,113.153
2009-07-29,118.625
2009-07-30,117.842
2009-07-31,117.249
2009-08-03,125.778
2009-08-04,129.324
2009-08-05,130.578
2009-08-06,130.136
2009-08-07,140.553
2009-08-10,139.596
2009-08-11,138.843
2009-08-12,133.823
2009-08-13,128.926
2009-08-14,128.334
2009-08-17,129.81
2009-08-18,125.708
2009-08-19,119.913
2009-08-20,115.228
2009-08-21,121.058
2009-08-24,119.043
2009-08-25,115.375
2009-08-26,108.281
2009-08-27,111.519
2009-08-28,111.727
2009-08-31,116.04
2009-09-01,120.54
2009-09-02,118.998
2009-09-03,111.333
2009-09-04,103.056
2009-09-07,103.056
2009-09-08,107.59
2009-09-09,101.291
2009-09-10,99.825
2009-09-11,94.755
2009-09-14,96.902
2009-09-15,101.5
2009-09-16,109.385
2009-09-17,103.902
2009-09-18,102.559
2009-09-21,105.105
2009-09-22,104.662
2009-09-23,99.274
2009-09-24,89.028
2009-09-25,96.805
2009-09-28,99.264
2009-09-29,102.061
2009-09-30,100.901
2009-10-01,98.543
2009-10-02,90.305
2009-10-05,94.395
2009-10-06,96.493
2009-10-07,89.373
2009-10-08,84.792
2009-10-09,102.757
2009-10-12,102.757
2009-10-13,102.085
2009-10-14,103.676
2009-10-15,106.135
2009-10-16,103.603
2009-10-19,101.866
2009-10-20,95.24
2009-10-21,96.775
2009-10-22,96.095
2009-10-23,99.169
2009-10-26,106.888
2009-10-27,100.913
2009-10-28,95.261
2009-10-29,97.411
2009-10-30,94.424
2009-11-02,97.345
2009-11-03,97.426
2009-11-04,99.659
2009-11-05,93.237
2009-11-06,84.387
2009-11-09,84.405
2009-11-10,78.047
2009-11-11,78.047
2009-11-12,79.983
2009-11-13,80.77
2009-11-16,78.786
2009-11-17,77.776
2009-11-18,80.658
2009-11-19,76.399
2009-11-20,76.001
2009-11-23,80.018
2009-11-24,75.883
2009-11-25,72.59
2009-11-26,72.59
2009-11-27,77.448
2009-11-30,76.083
2009-12-01,82.656
2009-12-02,76.838
2009-12-03,83.014
2009-12-04,85.331
2009-12-07,80.925
2009-12-08,81.53
2009-12-09,79.595
2009-12-10,80.509
2009-12-11,85.846
2009-12-14,91.546
2009-12-15,100.209
2009-12-16,90.918
2009-12-17,86.659
2009-12-18,84.67
2009-12-21,99.868
2009-12-22,103.824
2009-12-23,94.256
2009-12-24,99.964
2009-12-28,113.13
2009-12-29,113.525
2009-12-30,105.893
2009-12-31,107.446
2010-01-04,109.762
2010-01-05,109.978
2010-01-06,108.315
2010-01-07,104.994
2010-01-08,95.882
2010-01-11,92.099
2010-01-12,89.711
2010-01-13,84.055
2010-01-14,80.354
2010-01-15,79.079
2010-01-18,79.079
2010-01-19,82.447
2010-01-20,76.021
2010-01-21,76.863
2010-01-22,78.951
2010-01-25,80.868
2010-01-26,78.957
2010-01-27,80.107
2010-01-28,80.147
2010-01-29,77.714
2010-02-01,78.792
2010-02-02,76.597
2010-02-03,78.854
2010-02-04,78.086
2010-02-05,80.651
2010-02-08,78.74
2010-02-09,78.922
2010-02-10,83.057
2010-02-11,82.916
2010-02-12,79.092
2010-02-15,79.092
2010-02-16,77.986
2010-02-17,79.086
2010-02-18,81.977
2010-02-19,84.012
2010-02-22,80.705
2010-02-23,79.106
2010-02-24,78.186
2010-02-25,78.712
2010-02-26,75.18
2010-03-01,74.8
2010-03-02,71.678
2010-03-03,68.595
2010-03-04,70.673
2010-03-05,75.311
2010-03-08,75.681
2010-03-09,73.28
2010-03-10,70.355
2010-03-11,71.477
2010-03-12,73.697
2010-03-15,72.63
2010-03-16,69.66
2010-03-17,68.275
2010-03-18,70.509
2010-03-19,78.863
2010-03-22,76.909
2010-03-23,79.004
2010-03-24,83.53
2010-03-25,84.46
2010-03-26,77.8
2010-03-29,80.893
2010-03-30,76.532
2010-03-31,75.428
2010-04-01,78.096
2010-04-02,76.21
2010-04-05,80.448
2010-04-06,78.91
2010-04-07,82.537
2010-04-08,77.956
2010-04-09,76.407
2010-04-12,77.284
2010-04-13,77.008
2010-04-14,75.772
2010-04-15,73.093
2010-04-16,71.586
2010-04-19,71.718
2010-04-20,70.84
2010-04-21,74.396
2010-04-22,72.6
2010-04-23,78.706
2010-04-26,84.21
2010-04-27,87.073
2010-04-28,82.518
2010-04-29,77.653
2010-04-30,77.792
2010-05-03,77.553
2010-05-04,85.366
2010-05-05,81.312
2010-05-06,101.501
2010-05-07,92.776
2010-05-10,84.982
2010-05-11,80.725
2010-05-12,72.104
2010-05-13,69.779
2010-05-14,77.117
2010-05-17,76.09
2010-05-18,77.123
2010-05-19,69.04
2010-05-20,73.419
2010-05-21,69.97
2010-05-24,82.143
2010-05-25,87.772
2010-05-26,83.582
2010-05-27,79.443
2010-05-28,75.289
2010-05-31,75.289
2010-06-01,78.754
2010-06-02,69.509
2010-06-03,68.035
2010-06-04,68.339
2010-06-07,69.321
2010-06-08,72.088
2010-06-09,70.895
2010-06-10,62.225
2010-06-11,63.934
2010-06-14,63.771
2010-06-15,59.702
2010-06-16,57.136
2010-06-17,53.351
2010-06-18,51.503
2010-06-21,48.096
2010-06-22,49.057
2010-06-23,51.156
2010-06-24,49.687
2010-06-25,47.849
2010-06-28,51.057
2010-06-29,58.016
2010-06-30,56.67
2010-07-01,59.2
2010-07-02,53.949
2010-07-05,53.949
2010-07-06,54.565
2010-07-07,52.165
2010-07-08,52.707
2010-07-09,50.42
2010-07-12,49.806
2010-07-13,49.594
2010-07-14,46.278
2010-07-15,46.443
2010-07-16,49.265
2010-07-19,50.005
2010-07-20,50.101
2010-07-21,48.242
2010-07-22,47.208
2010-07-23,47.747
2010-07-26,48.154
2010-07-27,48.971
2010-07-28,48.074
2010-07-29,47.493
2010-07-30,48.284
2010-08-02,51.845
2010-08-03,56.08
2010-08-04,52.9
2010-08-05,51.042
2010-08-06,48.419
2010-08-09,49.171
2010-08-10,46.734
2010-08-11,45.862
2010-08-12,51.895
2010-08-13,51.87
2010-08-16,51.459
2010-08-17,49.225
2010-08-18,44.21
2010-08-19,44.714
2010-08-20,46.377
2010-08-23,49.74
2010-08-24,50.64
2010-08-25,51.872
2010-08-26,50.771
2010-08-27,52.832
2010-08-30,53.095
2010-08-31,45.063
2010-09-01,49.972
2010-09-02,45.753
2010-09-03,42.347
2010-09-06,42.347
2010-09-07,50.019
2010-09-08,50.332
2010-09-09,51.355
2010-09-10,54.214
2010-09-13,54.433
2010-09-14,51.363
2010-09-15,50.263
2010-09-16,49.382
2010-09-17,47.993
2010-09-20,51.099
2010-09-21,45.653
2010-09-22,38.882
2010-09-23,37.932
2010-09-24,40.662
2010-09-27,44.867
2010-09-28,43.25
2010-09-29,43.445
2010-09-30,43.177
2010-10-01,39.813
2010-10-04,46.176
2010-10-05,41.323
2010-10-06,36.392
2010-10-07,35.918
2010-10-08,31.268
2010-10-11,31.268
2010-10-12,29.591
2010-10-13,32.602
2010-10-14,40.305
2010-10-15,41.989
2010-10-18,44.009
2010-10-19,43.083
2010-10-20,41.213
2010-10-21,44.186
2010-10-22,45.067
2010-10-25,42.215
2010-10-26,52.331
2010-10-27,45.893
2010-10-28,43.417
2010-10-29,45.426
2010-11-01,47.043
2010-11-02,45.737
2010-11-03,37.399
2010-11-04,32.409
2010-11-05,39.871
2010-11-08,49.986
2010-11-09,59.341
2010-11-10,65.567
2010-11-11,65.567
2010-11-12,74.501
2010-11-15,87.517
2010-11-16,76.684
2010-11-17,68.033
2010-11-18,68.979
2010-11-19,63.888
2010-11-22,63.891
2010-11-23,61.469
2010-11-24,78.453
2010-11-25,78.453
2010-11-26,81.04
2010-11-29,82.545
2010-11-30,82.95
2010-12-01,90.691
2010-12-02,84.137
2010-12-03,75.243
2010-12-06,71.569
2010-12-07,83.307
2010-12-08,87.154
2010-12-09,83.46
2010-12-10,83.316
2010-12-13,86.094
2010-12-14,91.708
2010-12-15,95.044
2010-12-16,90.434
2010-12-17,83.128
2010-12-20,80.047
2010-12-21,71.114
2010-12-22,71.265
2010-12-23,71.912
2010-12-24,71.912
2010-12-27,79.535
2010-12-28,78.993
2010-12-29,78.433
2010-12-30,78.915
2010-12-31,77.686
2011-01-03,77.462
2011-01-04,76.303
2011-01-05,88.346
2011-01-06,83.999
2011-01-07,76.192
2011-01-10,75.562
2011-01-11,71.614
2011-01-12,68.043
2011-01-13,65.957
2011-01-14,65.853
2011-01-17,65.853
2011-01-18,70.124
2011-01-19,61.86
2011-01-20,65.439
2011-01-21,61.965
2011-01-24,61.992
2011-01-25,63.847
2011-01-26,63.182
2011-01-27,60.368
2011-01-28,61.03
2011-01-31,66.15
2011-02-01,68.506
2011-02-02,75.583
2011-02-03,79.421
2011-02-04,84.526
2011-02-07,81.392
2011-02-08,83.752
2011-02-09,82.191
2011-02-10,84.565
2011-02-11,81.328
2011-02-14,76.671
2011-02-15,74.962
2011-02-16,75.581
2011-02-17,74.166
2011-02-18,73.869
2011-02-21,73.869
2011-02-22,76.805
2011-02-23,74.842
2011-02-24,73.411
2011-02-25,70.396
2011-02-28,68.178
2011-03-01,77.585
2011-03-02,72.946
2011-03-03,80.172
2011-03-04,73.532
2011-03-07,75.755
2011-03-08,74.6
2011-03-09,70.97
2011-03-10,73.831
2011-03-11,70.916
2011-03-14,73.666
2011-03-15,73.95
2011-03-16,79.786
2011-03-17,78.81
2011-03-18,73.95
2011-03-21,72.221
2011-03-22,65.826
2011-03-23,64.649
2011-03-24,63.844
2011-03-25,71.029
2011-03-28,73.785
2011-03-29,76.089
2011-03-30,74.175
2011-03-31,73.738
2011-04-01,74.84
2011-04-04,74.187
2011-04-05,75.85
2011-04-06,80.316
2011-04-07,76.387
2011-04-08,75.116
2011-04-11,74.28
2011-04-12,74.631
2011-04-13,71.491
2011-04-14,66.147
2011-04-15,64.501
2011-04-18,64.221
2011-04-19,60.78
2011-04-20,61.794
2011-04-21,59.506
2011-04-22,59.506
2011-04-25,58.653
2011-04-26,62.323
2011-04-27,60.989
2011-04-28,56.256
2011-04-29,54.962
2011-05-02,56.655
2011-05-03,59.33
2011-05-04,58.51
2011-05-05,62.478
2011-05-06,61.737
2011-05-09,61.551
2011-05-10,59.666
2011-05-11,59.616
2011-05-12,56.371
2011-05-13,55.843
2011-05-16,56.563
2011-05-17,54.224
2011-05-18,51.975
2011-05-19,54.76
2011-05-20,53.61
2011-05-23,54.486
2011-05-24,53.024
2011-05-25,47.262
2011-05-26,46.105
2011-05-27,45.034
2011-05-30,45.034
2011-05-31,45.763
2011-06-01,47.97
2011-06-02,48.658
2011-06-03,45.632
2011-06-06,47.73
2011-06-07,47.28
2011-06-08,50.235
2011-06-09,47.809
2011-06-10,48.12
2011-06-13,48.537
2011-06-14,54.581
2011-06-15,59.524
2011-06-16,56.906
2011-06-17,53.137
2011-06-20,53.284
2011-06-21,51.719
2011-06-22,48.885
2011-06-23,50.122
2011-06-24,49.654
2011-06-27,52.17
2011-06-28,56.975
2011-06-29,54.663
2011-06-30,55.141
2011-07-01,56.451
2011-07-04,56.451
2011-07-05,60.133
2011-07-06,55.133
2011-07-07,56.457
2011-07-08,51.231
2011-07-11,53.172
2011-07-12,56.633
2011-07-13,52.556
2011-07-14,51.063
2011-07-15,48.606
2011-07-18,50.715
2011-07-19,50.775
2011-07-20,45.376
2011-07-21,48.333
2011-07-22,41.283
2011-07-25,44.99
2011-07-26,44.212
2011-07-27,46.599
2011-07-28,43.983
2011-07-29,44.487
2011-08-01,41.396
2011-08-02,42.702
2011-08-03,40.763
2011-08-04,42.946
2011-08-05,43.294
2011-08-08,51.481
2011-08-09,37.707
2011-08-10,33.937
2011-08-11,43.864
2011-08-12,43.433
2011-08-15,39.73
2011-08-16,35.572
2011-08-17,33.18
2011-08-18,35.227
2011-08-19,39.611
2011-08-22,46.503
2011-08-23,50.559
2011-08-24,49.094
2011-08-25,46.615
2011-08-26,41.103
2011-08-29,40.507
2011-08-30,40.55
2011-08-31,37.9
2011-09-01,41.512
2011-09-02,42.49
2011-09-05,42.49
2011-09-06,47.424
2011-09-07,42.9
2011-09-08,40.884
2011-09-09,41.409
2011-09-12,41.961
2011-09-13,40.341
2011-09-14,39.446
2011-09-15,38.682
2011-09-16,38.445
2011-09-19,42.656
2011-09-20,47.032
2011-09-21,44.932
2011-09-22,51.765
2011-09-23,45.984
2011-09-26,47.784
2011-09-27,46.43
2011-09-28,44.812
2011-09-29,41.817
2011-09-30,41.529
2011-10-03,51.268
2011-10-04,57.21
2011-10-05,53.947
2011-10-06,55.232
2011-10-07,52.815
2011-10-10,52.815
2011-10-11,54.826
2011-10-12,57.287
2011-10-13,54.998
2011-10-14,56.373
2011-10-17,58.396
2011-10-18,55.898
2011-10-19,52.261
2011-10-20,52.255
2011-10-21,56.647
2011-10-24,54.597
2011-10-25,52.722
2011-10-26,56.763
2011-10-27,55.492
2011-10-28,51.646
2011-10-31,49.218
2011-11-01,60.344
2011-11-02,52.221
2011-11-03,48.642
2011-11-04,45.145
2011-11-07,45.761
2011-11-08,45.809
2011-11-09,52.192
2011-11-10,58.527
2011-11-11,55.923
2011-11-14,56.159
2011-11-15,57.722
2011-11-16,54.538
2011-11-17,70.533
2011-11-18,65.929
2011-11-21,65.792
2011-11-22,56.424
2011-11-23,59.71
2011-11-24,60.35
2011-11-25,65.486
2011-11-28,67.994
2011-11-29,65.902
2011-11-30,52.662
2011-12-01,54.061
2011-12-02,56.001
2011-12-05,52.865
2011-12-06,50.954
2011-12-07,51.836
2011-12-08,51.18
2011-12-09,53.714
2011-12-12,51.599
2011-12-13,48.272
2011-12-14,52.793
2011-12-15,49.611
2011-12-16,51.188
2011-12-19,50.423
2011-12-20,51.668
2011-12-21,51.687
2011-12-22,49.303
2011-12-23,52.913
2011-12-26,52.913
2011-12-27,50.049
2011-12-28,51.686
2011-12-29,47.734
2011-12-30,44.295
2012-01-02,44.295
2012-01-03,44.773
2012-01-04,41.836
2012-01-05,40.33
2012-01-06,34.234
2012-01-09,36.085
2012-01-10,37.394
2012-01-11,35.272
2012-01-12,33.476
2012-01-13,37.083
2012-01-16,37.083
2012-01-17,35.63
2012-01-18,34.584
2012-01-19,39.765
2012-01-20,41.855
2012-01-23,43.43
2012-01-24,38.974
2012-01-25,31.558
2012-01-26,30.33
2012-01-27,30.069
2012-01-30,32.81
2012-01-31,33.365
2012-02-01,33.324
2012-02-02,32.435
2012-02-03,33.623
2012-02-06,33.182
2012-02-07,37.111
2012-02-08,35.592
2012-02-09,37.224
2012-02-10,35.575
2012-02-13,36.812
2012-02-14,36.298
2012-02-15,35.96
2012-02-16,39.512
2012-02-17,37.377
2012-02-20,37.377
2012-02-21,37.804
2012-02-22,37.145
2012-02-23,37.139
2012-02-24,35.673
2012-02-27,33.726
2012-02-28,33.011
2012-02-29,35.559
2012-03-01,34.781
2012-03-02,32.658
2012-03-05,33.079
2012-03-06,33.174
2012-03-07,33.871
2012-03-08,34.485
2012-03-09,32.82
2012-03-12,31.421
2012-03-13,37.227
2012-03-14,47.701
2012-03-15,39.119
2012-03-16,37.266
2012-03-19,45.694
2012-03-20,48.968
2012-03-21,44.29
2012-03-22,41.618
2012-03-23,40.621
2012-03-26,40.657
2012-03-27,36.677
2012-03-28,34.087
2012-03-29,33.076
2012-03-30,36.755
2012-04-02,35.36
2012-04-03,42.794
2012-04-04,41.538
2012-04-05,38.452
2012-04-06,33.689
2012-04-09,33.188
2012-04-10,30.82
2012-04-11,32.885
2012-04-12,28.649
2012-04-13,28.442
2012-04-16,28.818
2012-04-17,28.913
2012-04-18,27.837
2012-04-19,26.969
2012-04-20,26.053
2012-04-23,26.787
2012-04-24,27.402
2012-04-25,29.105
2012-04-26,24.434
2012-04-27,24.392
2012-04-30,27.584
2012-05-01,31.548
2012-05-02,29.162
2012-05-03,27.103
2012-05-04,24.818
2012-05-07,24.007
2012-05-08,25.171
2012-05-09,26.998
2012-05-10,25.705
2012-05-11,31.574
2012-05-14,40.075
2012-05-15,38.289
2012-05-16,37.745
2012-05-17,40.513
2012-05-18,40.239
2012-05-21,40.657
2012-05-22,40.607
2012-05-23,39.315
2012-05-24,37.01
2012-05-25,36.015
2012-05-28,36.015
2012-05-29,36.267
2012-05-30,36.939
2012-05-31,38.729
2012-06-01,42.049
2012-06-04,38.212
2012-06-05,37.211
2012-06-06,37.704
2012-06-07,31.048
2012-06-08,33.911
2012-06-11,35.52
2012-06-12,37.167
2012-06-13,37.946
2012-06-14,35.941
2012-06-15,35.706
2012-06-18,29.14
2012-06-19,30.032
2012-06-20,29.247
2012-06-21,29.583
2012-06-22,28.263
2012-06-25,29.482
2012-06-26,29.505
2012-06-27,28.596
2012-06-28,27.302
2012-06-29,29.366
2012-07-02,29.712
2012-07-03,30.323
2012-07-04,30.323
2012-07-05,28.973
2012-07-06,25.852
2012-07-09,25.893
2012-07-10,25.93
2012-07-11,25.176
2012-07-12,24.778
2012-07-13,25.616
2012-07-16,26.853
2012-07-17,28.807
2012-07-18,25.582
2012-07-19,23.679
2012-07-20,23.556
2012-07-23,25.279
2012-07-24,27.327
2012-07-25,27.027
2012-07-26,26.385
2012-07-27,33.311
2012-07-30,31.42
2012-07-31,33.399
2012-08-01,36.099
2012-08-02,32.483
2012-08-03,36.16
2012-08-06,32.184
2012-08-07,33.663
2012-08-08,34.507
2012-08-09,32.3
2012-08-10,28.264
2012-08-13,28.524
2012-08-14,30.204
2012-08-15,34.66
2012-08-16,34.782
2012-08-17,32.185
2012-08-20,31.171
2012-08-21,30.744
2012-08-22,26.601
2012-08-23,25.39
2012-08-24,25.235
2012-08-27,26.824
2012-08-28,25.279
2012-08-29,27.509
2012-08-30,30.087
2012-08-31,29.773
2012-09-03,29.773
2012-09-04,29.458
2012-09-05,30.1
2012-09-06,32.116
2012-09-07,29.679
2012-09-10,29.806
2012-09-11,28.228
2012-09-12,29.051
2012-09-13,23.635
2012-09-14,23.815
2012-09-17,21.198
2012-09-18,19.672
2012-09-19,19.698
2012-09-20,19.829
2012-09-21,19.091
2012-09-24,18.634
2012-09-25,18.848
2012-09-26,21.974
2012-09-27,23.59
2012-09-28,23.398
2012-10-01,23.315
2012-10-02,22.665
2012-10-03,21.622
2012-10-04,22.407
2012-10-05,23.3
2012-10-08,23.3
2012-10-09,24.518
2012-10-10,22.667
2012-10-11,24.377
2012-10-12,24.188
2012-10-15,26.371
2012-10-16,26.988
2012-10-17,28.504
2012-10-18,29.055
2012-10-19,29.644
2012-10-22,29.866
2012-10-23,28.769
2012-10-24,26.327
2012-10-25,32.692
2012-10-26,30.871
2012-10-29,31.727
2012-10-30,31.673
2012-10-31,31.342
2012-11-01,30.983
2012-11-02,32.919
2012-11-05,29.666
2012-11-06,28.441
2012-11-07,21.293
2012-11-08,19.067
2012-11-09,18.55
2012-11-12,18.55
2012-11-13,18.578
2012-11-14,18.262
2012-11-15,19.285
2012-11-16,19.15
2012-11-19,20.017
2012-11-20,18.552
2012-11-21,19.017
2012-11-22,19.017
2012-11-23,18.802
2012-11-26,18.922
2012-11-27,18.435
2012-11-28,18.699
2012-11-29,18.145
2012-11-30,17.687
2012-12-03,18.289
2012-12-04,18.801
2012-12-05,18.652
2012-12-06,18.505
2012-12-07,19.722
2012-12-10,18.712
2012-12-11,17.921
2012-12-12,19.658
2012-12-13,20.767
2012-12-14,18.313
2012-12-17,20.891
2012-12-18,26.423
2012-12-19,19.54
2012-12-20,18.233
2012-12-21,18.453
2012-12-24,19.178
2012-12-25,19.178
2012-12-26,18.237
2012-12-27,18.065
2012-12-28,19.749
2012-12-31,23.176
2013-01-01,23.457
2013-01-02,23.759
2013-01-03,25.142
2013-01-04,25.939
2013-01-07,24.16
2013-01-08,23.35
2013-01-09,19.193
2013-01-10,21.359
2013-01-11,22.756
2013-01-14,20.085
2013-01-15,19.262
2013-01-16,18.678
2013-01-17,21.91
2013-01-18,20.926
2013-01-21,20.926
2013-01-22,19.979
2013-01-23,19.119
2013-01-24,19.394
2013-01-25,30.014
2013-01-28,28.924
2013-01-29,26.869
2013-01-30,29.049
2013-01-31,29.367
2013-02-01,28.726
2013-02-04,27.887
2013-02-05,29.431
2013-02-06,26.667
2013-02-07,24.286
2013-02-08,24.739
2013-02-11,23.164
2013-02-12,22.401
2013-02-13,23.624
2013-02-14,21.935
2013-02-15,22.036
2013-02-18,22.036
2013-02-19,21.539
2013-02-20,21.962
2013-02-21,23.796
2013-02-22,23.321
2013-02-25,24.552
2013-02-26,22.132
2013-02-27,20.558
2013-02-28,21.018
2013-03-01,19.456
2013-03-04,19.074
2013-03-05,21.97
2013-03-06,23.998
2013-03-07,24.654
2013-03-08,23.163
2013-03-11,20.871
2013-03-12,19.349
2013-03-13,19.242
2013-03-14,20.324
2013-03-15,20.146
2013-03-18,21.243
2013-03-19,26.936
2013-03-20,23.797
2013-03-21,25.361
2013-03-22,27.488
2013-03-25,23.835
2013-03-26,22.723
2013-03-27,25.183
2013-03-28,24.968
2013-03-29,24.968
2013-04-01,25.581
2013-04-02,24.496
2013-04-03,25.882
2013-04-04,23.527
2013-04-05,21.323
2013-04-08,21.621
2013-04-09,20.002
2013-04-10,21.177
2013-04-11,19.39
2013-04-12,18.929
2013-04-15,19.3
2013-04-16,19.347
2013-04-17,18.987
2013-04-18,17.797
2013-04-19,17.702
2013-04-22,17.666
2013-04-23,17.321
2013-04-24,17.468
2013-04-25,15.541
2013-04-26,16.112
2013-04-29,16.843
2013-04-30,16.084
2013-05-01,15.798
2013-05-02,16.174
2013-05-03,17.492
2013-05-06,16.653
2013-05-07,17.127
2013-05-08,15.647
2013-05-09,15.396
2013-05-10,19.896
2013-05-13,21.968
2013-05-14,22.266
2013-05-15,23.104
2013-05-16,19.426
2013-05-17,21.98
2013-05-20,23.571
2013-05-21,22.765
2013-05-22,28.703
2013-05-23,30.084
2013-05-24,25.294
2013-05-27,25.294
2013-05-28,37.752
2013-05-29,42.519
2013-05-30,39.001
2013-05-31,41.159
2013-06-03,41.072
2013-06-04,42.827
2013-06-05,42.868
2013-06-06,43.313
2013-06-07,42.051
2013-06-10,42.612
2013-06-11,41.343
2013-06-12,41.011
2013-06-13,40.456
2013-06-14,35.818
2013-06-17,36.03
2013-06-18,38.313
2013-06-19,45.443
2013-06-20,45.816
2013-06-21,53.951
2013-06-24,64.014
2013-06-25,60.745
2013-06-26,53.363
2013-06-27,45.855
2013-06-28,46.816
2013-07-01,49.834
2013-07-02,50.892
2013-07-03,51.959
2013-07-04,51.959
2013-07-05,60.352
2013-07-08,51.454
2013-07-09,42.012
2013-07-10,41.206
2013-07-11,37.83
2013-07-12,38.326
2013-07-15,37.65
2013-07-16,37.169
2013-07-17,32.601
2013-07-18,30.456
2013-07-19,27.932
2013-07-22,26.489
2013-07-23,27.987
2013-07-24,35.051
2013-07-25,36.966
2013-07-26,36.14
2013-07-29,38.408
2013-07-30,35.43
2013-07-31,36.037
2013-08-01,44.221
2013-08-02,28.91
2013-08-05,29.492
2013-08-06,32.568
2013-08-07,29.315
2013-08-08,29.932
2013-08-09,29.76
2013-08-12,30.142
2013-08-13,36.292
2013-08-14,35.217
2013-08-15,36.499
2013-08-16,45.107
2013-08-19,51.543
2013-08-20,47.903
2013-08-21,48.745
2013-08-22,50.851
2013-08-23,46.011
2013-08-26,44.61
2013-08-27,42.689
2013-08-28,45.446
2013-08-29,45.936
2013-08-30,47.314
2013-09-02,47.314
2013-09-03,51.534
2013-09-04,56.048
2013-09-05,60.656
2013-09-06,53.031
2013-09-09,48.351
2013-09-10,50.21
2013-09-11,46.903
2013-09-12,44.105
2013-09-13,43.98
2013-09-16,42.477
2013-09-17,38.994
2013-09-18,39.141
2013-09-19,33.421
2013-09-20,30.158
2013-09-23,29.797
2013-09-24,29.204
2013-09-25,30.534
2013-09-26,30.7
2013-09-27,31.056
2013-09-30,35.083
2013-10-01,39.131
2013-10-02,32.535
2013-10-03,29.698
2013-10-04,32.628
2013-10-07,31.55
2013-10-08,34.071
2013-10-09,31.197
2013-10-10,30.284
2013-10-11,26.589
2013-10-14,26.589
2013-10-15,25.809
2013-10-16,23.276
2013-10-17,20.447
2013-10-18,23.837
2013-10-21,24.036
2013-10-22,19.292
2013-10-23,16.939
2013-10-24,18.38
2013-10-25,17.144
2013-10-28,15.781
2013-10-29,14.937
2013-10-30,16.796
2013-10-31,18.581
2013-11-01,24.136
2013-11-04,19.909
2013-11-05,20.368
2013-11-06,17.246
2013-11-07,16.709
2013-11-08,20.378
2013-11-11,20.378
2013-11-12,21.368
2013-11-13,21.147
2013-11-14,20.195
2013-11-15,21.231
2013-11-18,19.394
2013-11-19,21.525
2013-11-20,22.875
2013-11-21,22.631
2013-11-22,20.993
2013-11-25,19.006
2013-11-26,20.076
2013-11-27,21.668
2013-11-28,21.668
2013-11-29,21.812
2013-12-02,24.913
2013-12-03,23.74
2013-12-04,26.151
2013-12-05,25.813
2013-12-06,24.037
2013-12-09,24.056
2013-12-10,23.749
2013-12-11,24.291
2013-12-12,26.684
2013-12-13,28.332
2013-12-16,27.638
2013-12-17,25.2
2013-12-18,21.861
2013-12-19,24.438
2013-12-20,27.152
2013-12-23,29.741
2013-12-24,33.704
2013-12-25,33.704
2013-12-26,32.442
2013-12-27,30.953
2013-12-30,33.205
2013-12-31,34.417
2014-01-01,34.417
2014-01-02,33.601
2014-01-03,33.675
2014-01-06,34.694
2014-01-07,37.733
2014-01-08,41.788
2014-01-09,45.462
2014-01-10,39.341
2014-01-13,37.012
2014-01-14,40.361
2014-01-15,37.796
2014-01-16,38.303
2014-01-17,38.183
2014-01-20,38.183
2014-01-21,39.929
2014-01-22,40.996
2014-01-23,40.351
2014-01-24,39.397
2014-01-27,42.515
2014-01-28,40.892
2014-01-29,39.165
2014-01-30,40.781
2014-01-31,38.285
2014-02-03,40.575
2014-02-04,39.234
2014-02-05,38.412
2014-02-06,37.669
2014-02-07,34.179
2014-02-10,30.936
2014-02-11,30.169
2014-02-12,31.08
2014-02-13,27.441
2014-02-14,27.904
2014-02-17,27.904
2014-02-18,27.917
2014-02-19,28.614
2014-02-20,33.651
2014-02-21,32.664
2014-02-24,32.021
2014-02-25,31.679
2014-02-26,32.615
2014-02-27,31.802
2014-02-28,32.264
2014-03-03,33.129
2014-03-04,37.442
2014-03-05,34.241
2014-03-06,35.056
2014-03-07,33.372
2014-03-10,33.817
2014-03-11,33.81
2014-03-12,33.09
2014-03-13,34.889
2014-03-14,38.686
2014-03-17,38.005
2014-03-18,35.219
2014-03-19,43.338
2014-03-20,39.385
2014-03-21,38.404
2014-03-24,39.841
2014-03-25,39.723
2014-03-26,38.23
2014-03-27,40.349
2014-03-28,42.27
2014-03-31,43.996
2014-04-01,42.768
2014-04-02,46.996
2014-04-03,43.773
2014-04-04,36.513
2014-04-07,34.929
2014-04-08,34.853
2014-04-09,32.059
2014-04-10,32.774
2014-04-11,35.611
2014-04-14,38.008
2014-04-15,37.825
2014-04-16,36.777
2014-04-17,35.388
2014-04-18,35.388
2014-04-21,34.881
2014-04-22,35.093
2014-04-23,34.255
2014-04-24,34.29
2014-04-25,35.299
2014-04-28,37.877
2014-04-29,38.655
2014-04-30,37.115
2014-05-01,36.466
2014-05-02,34.648
2014-05-05,35.303
2014-05-06,36.394
2014-05-07,34.027
2014-05-08,32.386
2014-05-09,32.356
2014-05-12,32.994
2014-05-13,31.787
2014-05-14,31.57
2014-05-15,32.508
2014-05-16,31.72
2014-05-19,33.563
2014-05-20,31.959
2014-05-21,30.913
2014-05-22,29.955
2014-05-23,28.445
2014-05-26,28.445
2014-05-27,28.541
2014-05-28,27.544
2014-05-29,28.594
2014-05-30,29.855
2014-06-02,32.392
2014-06-03,37.081
2014-06-04,35.972
2014-06-05,33.495
2014-06-06,30.98
2014-06-09,30.838
2014-06-10,32.228
2014-06-11,32.481
2014-06-12,32.251
2014-06-13,37.483
2014-06-16,38.728
2014-06-17,39.748
2014-06-18,35.584
2014-06-19,32.138
2014-06-20,31.223
2014-06-23,31.033
2014-06-24,32.131
2014-06-25,31.039
2014-06-26,29.379
2014-06-27,28.475
2014-06-30,30.375
2014-07-01,34.309
2014-07-02,36.751
2014-07-03,35.597
2014-07-04,35.597
2014-07-07,37.286
2014-07-08,39.103
2014-07-09,38.359
2014-07-10,36.126
2014-07-11,34.527
2014-07-14,36.302
2014-07-15,35.567
2014-07-16,32.764
2014-07-17,32.774
2014-07-18,32.678
2014-07-21,34.944
2014-07-22,34.745
2014-07-23,33.114
2014-07-24,35.211
2014-07-25,34.8
2014-07-28,36.351
2014-07-29,35.239
2014-07-30,37.746
2014-07-31,37.246
2014-08-01,30.789
2014-08-04,32.148
2014-08-05,35.192
2014-08-06,34.059
2014-08-07,36.171
2014-08-08,37.005
2014-08-11,36.364
2014-08-12,35.562
2014-08-13,33.35
2014-08-14,32.681
2014-08-15,33.156
2014-08-18,37.263
2014-08-19,37.117
2014-08-20,38.304
2014-08-21,37.069
2014-08-22,36.905
2014-08-25,38.564
2014-08-26,38.848
2014-08-27,37.416
2014-08-28,40.21
2014-08-29,40.348
2014-09-01,40.348
2014-09-02,44.65
2014-09-03,47.255
2014-09-04,44.282
2014-09-05,40.587
2014-09-08,42.809
2014-09-09,46.536
2014-09-10,49.078
2014-09-11,46.165
2014-09-12,49.695
2014-09-15,52.484
2014-09-16,50.382
2014-09-17,46.667
2014-09-18,45.986
2014-09-19,44.083
2014-09-22,42.942
2014-09-23,42.24
2014-09-24,43.695
2014-09-25,42.081
2014-09-26,46.708
2014-09-29,47.162
2014-09-30,48.05
2014-10-01,44.855
2014-10-02,46.809
2014-10-03,44.484
2014-10-06,43.682
2014-10-07,46.334
2014-10-08,43.085
2014-10-09,44.59
2014-10-10,45.684
2014-10-13,45.684
2014-10-14,49.445
2014-10-15,65.117
2014-10-16,53.597
2014-10-17,48.526
2014-10-20,48.826
2014-10-21,48.873
2014-10-22,45.397
2014-10-23,48.903
2014-10-24,49.294
2014-10-27,48.338
2014-10-28,44.89
2014-10-29,46.348
2014-10-30,44.126
2014-10-31,45.512
2014-11-03,45.436
2014-11-04,45.939
2014-11-05,49.693
2014-11-06,46.965
2014-11-07,42.927
2014-11-10,46.607
2014-11-11,46.607
2014-11-12,47.893
2014-11-13,46.67
2014-11-14,47.136
2014-11-17,47.925
2014-11-18,52.374
2014-11-19,52.16
2014-11-20,50.04
2014-11-21,47.546
2014-11-24,45.48
2014-11-25,44.17
2014-11-26,44.433
2014-11-27,44.433
2014-11-28,46.542
2014-12-01,49.553
2014-12-02,50.568
2014-12-03,48.002
2014-12-04,47.015
2014-12-05,51.149
2014-12-08,52.687
2014-12-09,58.455
2014-12-10,58.153
2014-12-11,64.52
2014-12-12,67.777
2014-12-15,71.198
2014-12-16,72.722
2014-12-17,62.069
2014-12-18,61.295
2014-12-19,59.746
2014-12-22,60.072
2014-12-23,59.694
2014-12-24,57.65
2014-12-25,57.65
2014-12-26,55.613
2014-12-29,61.683
2014-12-30,62.099
2014-12-31,60.406
2015-01-01,60.406
2015-01-02,59.739
2015-01-05,61.571
2015-01-06,70.99
2015-01-07,66.218
2015-01-08,63.856
2015-01-09,58.326
2015-01-12,60.228
2015-01-13,60.033
2015-01-14,60.635
2015-01-15,61.444
2015-01-16,61.081
2015-01-19,61.081
2015-01-20,63.337
2015-01-21,56.609
2015-01-22,55.345
2015-01-23,58.224
2015-01-26,57.576
2015-01-27,58.918
2015-01-28,57.199
2015-01-29,56.266
2015-01-30,61.02
2015-02-02,58.796
2015-02-03,61.266
2015-02-04,58.91
2015-02-05,60.561
2015-02-06,62.459
2015-02-09,62.543
2015-02-10,63.431
2015-02-11,60.781
2015-02-12,59.32
2015-02-13,58.782
2015-02-16,58.782
2015-02-17,60.863
2015-02-18,58.266
2015-02-19,71.879
2015-02-20,72.535
2015-02-23,72.56
2015-02-24,67.848
2015-02-25,66.318
2015-02-26,65.339
2015-02-27,65.271
2015-03-02,66.432
2015-03-03,67.704
2015-03-04,65.767
2015-03-05,63.801
2015-03-06,64.011
2015-03-09,64.09
2015-03-10,63.44
2015-03-11,62.803
2015-03-12,61.627
2015-03-13,61.704
2015-03-16,63.095
2015-03-17,63.337
2015-03-18,59.124
2015-03-19,61.752
2015-03-20,59.851
2015-03-23,60.482
2015-03-24,59.461
2015-03-25,58.032
2015-03-26,60.343
2015-03-27,59.182
2015-03-30,64.472
2015-03-31,63.932
2015-04-01,62.781
2015-04-02,59.97
2015-04-03,54.872
2015-04-06,55.702
2015-04-07,54.406
2015-04-08,54.553
2015-04-09,51.606
2015-04-10,50.839
2015-04-13,50.79
2015-04-14,49.939
2015-04-15,48.438
2015-04-16,47.37
2015-04-17,49.986
2015-04-20,51.034
2015-04-21,50.521
2015-04-22,52.317
2015-04-23,50.345
2015-04-24,47.404
2015-04-27,48.464
2015-04-28,49.907
2015-04-29,50.463
2015-04-30,51.431
2015-05-01,52.614
2015-05-04,55.481
2015-05-05,60.246
2015-05-06,61.168
2015-05-07,58.154
2015-05-08,50.32
2015-05-11,55.179
2015-05-12,55.406
2015-05-13,50.466
2015-05-14,45.801
2015-05-15,47.071
2015-05-18,54.845
2015-05-19,55.927
2015-05-20,53.921
2015-05-21,54.406
2015-05-22,55.998
2015-05-25,55.998
2015-05-26,58.512
2015-05-27,54.565
2015-05-28,53.83
2015-05-29,52.364
2015-06-01,56.64
2015-06-02,59.959
2015-06-03,62.945
2015-06-04,59.81
2015-06-05,59.12
2015-06-08,59.475
2015-06-09,59.37
2015-06-10,61.407
2015-06-11,57.895
2015-06-12,57.79
2015-06-15,59.06
2015-06-16,58.136
2015-06-17,55.071
2015-06-18,51.585
2015-06-19,51.041
2015-06-22,53.397
2015-06-23,51.894
2015-06-24,49.715
2015-06-25,49.543
2015-06-26,49.929
2015-06-29,55.674
2015-06-30,58.226
2015-07-01,56.472
2015-07-02,54.647
2015-07-03,54.647
2015-07-06,58.001
2015-07-07,58.967
2015-07-08,56.241
2015-07-09,56.024
2015-07-10,56.526
2015-07-13,55.597
2015-07-14,52.768
2015-07-15,50.893
2015-07-16,50.059
2015-07-17,51.027
2015-07-20,53.06
2015-07-21,52.515
2015-07-22,51.651
2015-07-23,50.973
2015-07-24,52.505
2015-07-27,53.482
2015-07-28,53.744
2015-07-29,51.885
2015-07-30,55.06
2015-07-31,56.482
2015-08-03,56.527
2015-08-04,63.003
2015-08-05,63.086
2015-08-06,60.625
2015-08-07,57.788
2015-08-10,58.001
2015-08-11,59.829
2015-08-12,59.159
2015-08-13,57.556
2015-08-14,55.639
2015-08-17,56.688
2015-08-18,64.03
2015-08-19,63.172
2015-08-20,64.008
2015-08-21,65.626
2015-08-24,72.874
2015-08-25,70.715
2015-08-26,69.205
2015-08-27,67.931
2015-08-28,66.626
2015-08-31,65.341
2015-09-01,67.389
2015-09-02,70.366
2015-09-03,66.29
2015-09-04,61.946
2015-09-07,61.946
2015-09-08,64.73
2015-09-09,64.484
2015-09-10,60.623
2015-09-11,61.627
2015-09-14,65.015
2015-09-15,69.829
2015-09-16,70.856
2015-09-17,61.105
2015-09-18,53.309
2015-09-21,54.56
2015-09-22,55.677
2015-09-23,53.138
2015-09-24,52.416
2015-09-25,51.685
2015-09-28,54.577
2015-09-29,60.556
2015-09-30,58.802
2015-10-01,57.278
2015-10-02,53.246
2015-10-05,53.64
2015-10-06,57.395
2015-10-07,55.594
2015-10-08,54.255
2015-10-09,52.989
2015-10-12,52.989
2015-10-13,53.877
2015-10-14,51.789
2015-10-15,50.851
2015-10-16,50.656
2015-10-19,53.143
2015-10-20,52.781
2015-10-21,49.729
2015-10-22,49.654
2015-10-23,50.348
2015-10-26,51.526
2015-10-27,51.208
2015-10-28,51.775
2015-10-29,54.892
2015-10-30,55.306
2015-11-02,59.439
2015-11-03,60.718
2015-11-04,67.342
2015-11-05,64.168
2015-11-06,61.129
2015-11-09,58.248
2015-11-10,54.902
2015-11-11,54.902
2015-11-12,53.914
2015-11-13,52.175
2015-11-16,53.325
2015-11-17,61.959
2015-11-18,61.218
2015-11-19,58.125
2015-11-20,58.062
2015-11-23,63.608
2015-11-24,63.333
2015-11-25,59.216
2015-11-26,59.216
2015-11-27,59.973
2015-11-30,61.911
2015-12-01,60.923
2015-12-02,62.585
2015-12-03,64.322
2015-12-04,56.669
2015-12-07,56.719
2015-12-08,57.491
2015-12-09,55.557
2015-12-10,56.801
2015-12-11,58.752
2015-12-14,64.613
2015-12-15,66.856
2015-12-16,53.96
2015-12-17,49.079
2015-12-18,49.072
2015-12-21,48.104
2015-12-22,48.115
2015-12-23,42.296
2015-12-24,41.357
2015-12-25,41.357
2015-12-28,46.061
2015-12-29,46.302
2015-12-30,48.521
2015-12-31,48.285
2016-01-01,48.285
2016-01-04,51.863
2016-01-05,53.452
2016-01-06,52.082
2016-01-07,54.023
2016-01-08,51.361
2016-01-11,54.211
2016-01-12,55.254
2016-01-13,54.663
2016-01-14,53.92
2016-01-15,59.281
2016-01-18,59.281
2016-01-19,60.355
2016-01-20,61.931
2016-01-21,60.162
2016-01-22,56.978
2016-01-25,57.956
2016-01-26,57.39
2016-01-27,52.306
2016-01-28,52.291
2016-01-29,53.859
2016-02-01,55.072
2016-02-02,59.469
2016-02-03,62.746
2016-02-04,66.368
2016-02-05,61.998
2016-02-08,70.417
2016-02-09,71.144
2016-02-10,65.734
2016-02-11,77.869
2016-02-12,68.919
2016-02-15,68.919
2016-02-16,64.376
2016-02-17,63.637
2016-02-18,64.411
2016-02-19,66.571
2016-02-22,63.959
2016-02-23,62.752
2016-02-24,63.956
2016-02-25,60.169
2016-02-26,57.132
2016-02-29,59.281
2016-03-01,60.632
2016-03-02,60.449
2016-03-03,59.534
2016-03-04,57.002
2016-03-07,59.168
2016-03-08,63.022
2016-03-09,60.247
2016-03-10,61.076
2016-03-11,61.378
2016-03-14,62.145
2016-03-15,60.566
2016-03-16,54.976
2016-03-17,53.07
2016-03-18,49.742
2016-03-21,52.375
2016-03-22,53.171
2016-03-23,52.3
2016-03-24,52.887
2016-03-25,52.887
2016-03-28,57.189
2016-03-29,56.456
2016-03-30,54.746
2016-03-31,52.94
2016-04-01,49.872
2016-04-04,51.118
2016-04-05,52.153
2016-04-06,52.793
2016-04-07,52.906
2016-04-08,52.772
2016-04-11,54.031
2016-04-12,53.771
2016-04-13,52.305
2016-04-14,50.743
2016-04-15,50.261
2016-04-18,51.395
2016-04-19,52.863
2016-04-20,54.217
2016-04-21,54.957
2016-04-22,52.618
2016-04-25,54.849
2016-04-26,53.824
2016-04-27,51.416
2016-04-28,48.74
2016-04-29,48.278
2016-05-02,49.82
2016-05-03,53.215
2016-05-04,50.783
2016-05-05,51.893
2016-05-06,45.759
2016-05-09,46.086
2016-05-10,45.656
2016-05-11,44.465
2016-05-12,44.532
2016-05-13,43.734
2016-05-16,50.706
2016-05-17,51.308
2016-05-18,54.218
2016-05-19,54.067
2016-05-20,50.933
2016-05-23,56.305
2016-05-24,58.183
2016-05-25,54.856
2016-05-26,53.535
2016-05-27,54.598
2016-05-30,54.598
2016-05-31,60.732
2016-06-01,62.117
2016-06-02,59.831
2016-06-03,56.538
2016-06-06,56.944
2016-06-07,53.059
2016-06-08,58.435
2016-06-09,58.087
2016-06-10,60.391
2016-06-13,66.359
2016-06-14,65.839
2016-06-15,62.022
2016-06-16,63.033
2016-06-17,61.038
2016-06-20,58.288
2016-06-21,58.522
2016-06-22,60
2016-06-23,55.075
2016-06-24,55.126
2016-06-27,58.89
2016-06-28,56.388
2016-06-29,49.446
2016-06-30,49.634
2016-07-01,49.606
2016-07-04,49.606
2016-07-05,57.339
2016-07-06,53.215
2016-07-07,53.572
2016-07-08,50.795
2016-07-11,51.145
2016-07-12,53.451
2016-07-13,52.354
2016-07-14,53.789
2016-07-15,56.298
2016-07-18,55.968
2016-07-19,52.229
2016-07-20,51.494
2016-07-21,54.04
2016-07-22,51.771
2016-07-25,53.505
2016-07-26,53.693
2016-07-27,49.577
2016-07-28,49.516
2016-07-29,46.111
2016-08-01,48.025
2016-08-02,52.706
2016-08-03,50.461
2016-08-04,49.242
2016-08-05,48.068
2016-08-08,50.32
2016-08-09,49.745
2016-08-10,47.036
2016-08-11,48.64
2016-08-12,47.438
2016-08-15,48.575
2016-08-16,49.141
2016-08-17,49.099
2016-08-18,48.832
2016-08-19,50.18
2016-08-22,55.636
2016-08-23,54.88
2016-08-24,52.766
2016-08-25,54.825
2016-08-26,58.235
2016-08-29,57.115
2016-08-30,57.255
2016-08-31,57.637
2016-09-01,56.235
2016-09-02,51.459
2016-09-05,51.459
2016-09-06,50.864
2016-09-07,53.403
2016-09-08,51.21
2016-09-09,52.548
2016-09-12,53.004
2016-09-13,52.705
2016-09-14,51.777
2016-09-15,49.94
2016-09-16,50.413
2016-09-19,52.102
2016-09-20,52.062
2016-09-21,48.246
2016-09-22,44.665
2016-09-23,42.967
2016-09-26,42.863
2016-09-27,42.51
2016-09-28,40.611
2016-09-29,41.002
2016-09-30,42.386
2016-10-03,44.884
2016-10-04,47.467
2016-10-05,47.027
2016-10-06,47.752
2016-10-07,44.952
2016-10-10,44.952
2016-10-11,45.245
2016-10-12,45.2
2016-10-13,45.074
2016-10-14,45.707
2016-10-17,46.264
2016-10-18,44.755
2016-10-19,42.531
2016-10-20,40.09
2016-10-21,38.2
2016-10-24,39.004
2016-10-25,39.576
2016-10-26,40.735
2016-10-27,41.727
2016-10-28,42.396
2016-10-31,45.008
2016-11-01,46.196
2016-11-02,48.11
2016-11-03,47.944
2016-11-04,52.1
2016-11-07,51.958
2016-11-08,49.136
2016-11-09,58.072
2016-11-10,56.376
2016-11-11,56.376
2016-11-14,62.872
2016-11-15,58.961
2016-11-16,55.175
2016-11-17,52.612
2016-11-18,56.388
2016-11-21,54.73
2016-11-22,49.559
2016-11-23,51.243
2016-11-24,51.243
2016-11-25,49.627
2016-11-28,50.722
2016-11-29,48.335
2016-11-30,48.915
2016-12-01,50.256
2016-12-02,45.762
2016-12-05,46.937
2016-12-06,45.391
2016-12-07,44.578
2016-12-08,42.858
2016-12-09,44.597
2016-12-12,47.641
2016-12-13,46.659
2016-12-14,44.652
2016-12-15,49.927
2016-12-16,48.934
2016-12-19,48.434
2016-12-20,47.963
2016-12-21,43.665
2016-12-22,43.061
2016-12-23,41.37
2016-12-26,41.37
2016-12-27,43.564
2016-12-28,43.184
2016-12-29,45.178
2016-12-30,45.621
2017-01-02,45.621
2017-01-03,56.125
2017-01-04,53.644
2017-01-05,53.424
2017-01-06,50.735
2017-01-09,53.222
2017-01-10,52.353
2017-01-11,50.064
2017-01-12,50.515
2017-01-13,51.551
2017-01-16,51.551
2017-01-17,54.231
2017-01-18,51.814
2017-01-19,55.929
2017-01-20,53.971
2017-01-23,54.741
2017-01-24,54.707
2017-01-25,54.874
2017-01-26,51.292
2017-01-27,48.412
2017-01-30,50.338
2017-01-31,50.291
2017-02-01,47.41
2017-02-02,47.194
2017-02-03,42.397
2017-02-06,41.95
2017-02-07,43.644
2017-02-08,45.396
2017-02-09,44.358
2017-02-10,46.943
2017-02-13,45.506
2017-02-14,44.852
2017-02-15,42.786
2017-02-16,46.383
2017-02-17,47.367
2017-02-20,47.367
2017-02-21,48.122
2017-02-22,49.41
2017-02-23,48.915
2017-02-24,51.889
2017-02-27,54.062
2017-02-28,54.841
2017-03-01,54.253
2017-03-02,52.518
2017-03-03,48.618
2017-03-06,49.571
2017-03-07,51.503
2017-03-08,50.974
2017-03-09,53.016
2017-03-10,49.476
2017-03-13,49.758
2017-03-14,47.389
2017-03-15,42.159
2017-03-16,41.776
2017-03-17,41.199
2017-03-20,41.229
2017-03-21,43.708
2017-03-22,44.178
2017-03-23,44.65
2017-03-24,44.798
2017-03-27,44.642
2017-03-28,44.055
2017-03-29,42.677
2017-03-30,43.02
2017-03-31,41.701
2017-04-03,43.365
2017-04-04,47.28
2017-04-05,49.1
2017-04-06,51.394
2017-04-07,49.603
2017-04-10,52.073
2017-04-11,52.82
2017-04-12,54.841
2017-04-13,53.811
2017-04-14,53.811
2017-04-17,52.842
2017-04-18,55.139
2017-04-19,55.548
2017-04-20,54.493
2017-04-21,57.694
2017-04-24,46.87
2017-04-25,46.531
2017-04-26,45.866
2017-04-27,42.633
2017-04-28,41.715
2017-05-01,43.291
2017-05-02,46.079
2017-05-03,43.66
2017-05-04,44.359
2017-05-05,41.952
2017-05-08,40.842
2017-05-09,41.143
2017-05-10,39.944
2017-05-11,40.182
2017-05-12,40.167
2017-05-15,43.931
2017-05-16,43.964
2017-05-17,48.53
2017-05-18,45.682
2017-05-19,44.856
2017-05-22,43.368
2017-05-23,44.107
2017-05-24,41.758
2017-05-25,42.017
2017-05-26,41.853
2017-05-29,41.853
2017-05-30,43.485
2017-05-31,44.645
2017-06-01,43.242
2017-06-02,42.306
2017-06-05,42.17
2017-06-06,42.222
2017-06-07,45.47
2017-06-08,42.22
2017-06-09,39.87
2017-06-12,40.248
2017-06-13,38.781
2017-06-14,36.52
2017-06-15,34.698
2017-06-16,34.334
2017-06-19,36.214
2017-06-20,35.977
2017-06-21,35.834
2017-06-22,33.787
2017-06-23,33.045
2017-06-26,34.181
2017-06-27,37.506
2017-06-28,37.678
2017-06-29,38.071
2017-06-30,38.006
2017-07-03,40.959
2017-07-04,40.959
2017-07-05,41.764
2017-07-06,41.277
2017-07-07,39.068
2017-07-10,38.511
2017-07-11,38.74
2017-07-12,36.679
2017-07-13,36.185
2017-07-14,35.622
2017-07-17,35.29
2017-07-18,34.74
2017-07-19,32.663
2017-07-20,32.103
2017-07-21,32.699
2017-07-24,33.395
2017-07-25,35.594
2017-07-26,32.363
2017-07-27,33.263
2017-07-28,33.032
2017-07-31,34.015
2017-08-01,36.842
2017-08-02,33.65
2017-08-03,32.477
2017-08-04,32.586
2017-08-07,33.401
2017-08-08,33.5
2017-08-09,34.286
2017-08-10,35.33
2017-08-11,34.761
2017-08-14,34.318
2017-08-15,33.443
2017-08-16,31.739
2017-08-17,32.283
2017-08-18,32.166
2017-08-21,36.137
2017-08-22,34.953
2017-08-23,34.943
2017-08-24,34.852
2017-08-25,32.131
2017-08-28,32.206
2017-08-29,34.39
2017-08-30,34.657
2017-08-31,34.204
2017-09-01,31.746
2017-09-04,31.746
2017-09-05,36.024
2017-09-06,37.515
2017-09-07,36.761
2017-09-08,36.533
2017-09-11,35.418
2017-09-12,35.954
2017-09-13,36.754
2017-09-14,36.09
2017-09-15,36.157
2017-09-18,37.4
2017-09-19,37.622
2017-09-20,37.218
2017-09-21,35.38
2017-09-22,36.633
2017-09-25,38.822
2017-09-26,38.108
2017-09-27,38.932
2017-09-28,36.488
2017-09-29,37.589
2017-10-02,40.664
2017-10-03,41.116
2017-10-04,40.12
2017-10-05,41.594
2017-10-06,40.248
2017-10-09,40.248
2017-10-10,41.839
2017-10-11,39.342
2017-10-12,38.757
2017-10-13,37.44
2017-10-16,38.199
2017-10-17,39.855
2017-10-18,41.13
2017-10-19,42.194
2017-10-20,43.077
2017-10-23,44.351
2017-10-24,45.348
2017-10-25,42.752
2017-10-26,42.906
2017-10-27,38.902
2017-10-30,38.25
2017-10-31,37.19
2017-11-01,36.908
2017-11-02,34.282
2017-11-03,30.663
2017-11-06,31.578
2017-11-07,31.38
2017-11-08,31.852
2017-11-09,32.096
2017-11-10,33.694
2017-11-13,32.147
2017-11-14,34.691
2017-11-15,33.229
2017-11-16,33.027
2017-11-17,32.964
2017-11-20,32.928
2017-11-21,34.434
2017-11-22,32.939
2017-11-23,32.939
2017-11-24,31.691
2017-11-27,32.672
2017-11-28,32.273
2017-11-29,32.568
2017-11-30,33.195
2017-12-01,34.395
2017-12-04,34.278
2017-12-05,35.595
2017-12-06,34.522
2017-12-07,34.318
2017-12-08,32.058
2017-12-11,33.052
2017-12-12,34.341
2017-12-13,31.638
2017-12-14,31.307
2017-12-15,32.473
2017-12-18,33.867
2017-12-19,35.698
2017-12-20,34.904
2017-12-21,35.304
2017-12-22,33.959
2017-12-25,33.959
2017-12-26,34.172
2017-12-27,32.511
2017-12-28,31.888
2017-12-29,31.688
2018-01-01,31.688
2018-01-02,37.263
2018-01-03,34.776
2018-01-04,34.135
2018-01-05,33.138
2018-01-08,33.87
2018-01-09,35.806
2018-01-10,34.967
2018-01-11,32.897
2018-01-12,31.605
2018-01-15,31.605
2018-01-16,32.778
2018-01-17,31.196
2018-01-18,33.067
2018-01-19,34.655
2018-01-22,35.582
2018-01-23,35.025
2018-01-24,34.081
2018-01-25,33.13
2018-01-26,36.398
2018-01-29,38.027
2018-01-30,37.933
2018-01-31,35.863
2018-02-01,37.419
2018-02-02,37.392
2018-02-05,38.007
2018-02-06,42.788
2018-02-07,39.253
2018-02-08,43.363
2018-02-09,49.624
2018-02-12,46.744
2018-02-13,47.01
2018-02-14,50.611
2018-02-15,47.92
2018-02-16,45.239
2018-02-19,45.239
2018-02-20,45.165
2018-02-21,48.855
2018-02-22,51.667
2018-02-23,54.39
2018-02-26,53.584
2018-02-27,53.68
2018-02-28,52.608
2018-03-01,52.38
2018-03-02,53.551
2018-03-05,54.11
2018-03-06,54.507
2018-03-07,52.096
2018-03-08,50.304
2018-03-09,47.348
2018-03-12,48.529
2018-03-13,46.3
2018-03-14,46.535
2018-03-15,46.37
2018-03-16,47.514
2018-03-19,49.996
2018-03-20,48.383
2018-03-21,45.429
2018-03-22,43.38
2018-03-23,42.887
2018-03-26,43.999
2018-03-27,45.483
2018-03-28,45.361
2018-03-29,45.095
2018-03-30,45.095
2018-04-02,48.664
2018-04-03,46.583
2018-04-04,48.288
2018-04-05,45.755
2018-04-06,47.272
2018-04-09,46.328
2018-04-10,43.915
2018-04-11,43.186
2018-04-12,42.834
2018-04-13,42.804
2018-04-16,43.157
2018-04-17,41.87
2018-04-18,43.635
2018-04-19,41.801
2018-04-20,40.361
2018-04-23,42.217
2018-04-24,40.875
2018-04-25,42.316
2018-04-26,37.289
2018-04-27,35.411
2018-04-30,35.919
2018-05-01,38.064
2018-05-02,34.371
2018-05-03,34.696
2018-05-04,33.663
2018-05-07,34.677
2018-05-08,35.141
2018-05-09,33.645
2018-05-10,32.009
2018-05-11,32.301
2018-05-14,37.3
2018-05-15,40.268
2018-05-16,40.682
2018-05-17,38.958
2018-05-18,37.959
2018-05-21,40.176
2018-05-22,38.539
2018-05-23,37.971
2018-05-24,38.84
2018-05-25,40.84
2018-05-28,40.84
2018-05-29,54.705
2018-05-30,53.94
2018-05-31,54.799
2018-06-01,48.235
2018-06-04,47.037
2018-06-05,47.661
2018-06-06,50.373
2018-06-07,47.662
2018-06-08,50.936
2018-06-11,51.658
2018-06-12,49.012
2018-06-13,47.991
2018-06-14,43.744
2018-06-15,42.739
2018-06-18,42.81
2018-06-19,43.618
2018-06-20,42.825
2018-06-21,41.946
2018-06-22,41.446
2018-06-25,43.343
2018-06-26,41.536
2018-06-27,44.142
2018-06-28,42.3
2018-06-29,40.484
2018-07-02,42.852
2018-07-03,44.177
2018-07-04,44.177
2018-07-05,44.054
2018-07-06,41.816
2018-07-09,42.875
2018-07-10,44.117
2018-07-11,43.118
2018-07-12,41.209
2018-07-13,40.714
2018-07-16,41.325
2018-07-17,39.847
2018-07-18,37.94
2018-07-19,39.368
2018-07-20,40.842
2018-07-23,43.858
2018-07-24,42.012
2018-07-25,39.955
2018-07-26,40.762
2018-07-27,40.206
2018-07-30,41.502
2018-07-31,39.02
2018-08-01,37.339
2018-08-02,36.972
2018-08-03,36.59
2018-08-06,37.46
2018-08-07,38.198
2018-08-08,36.094
2018-08-09,36.959
2018-08-10,40.658
2018-08-13,41.934
2018-08-14,42.616
2018-08-15,43.144
2018-08-16,42.215
2018-08-17,42.422
2018-08-20,45.523
2018-08-21,45.229
2018-08-22,43.548
2018-08-23,43.902
2018-08-24,42.677
2018-08-27,47.673
2018-08-28,48.03
2018-08-29,45.375
2018-08-30,46.631
2018-08-31,46.034
2018-09-03,46.034
2018-09-04,46.192
2018-09-05,45.128
2018-09-06,43.145
2018-09-07,42.603
2018-09-10,42.311
2018-09-11,42.697
2018-09-12,41.513
2018-09-13,39.742
2018-09-14,40.593
2018-09-17,41.166
2018-09-18,41.777
2018-09-19,42.217
2018-09-20,40.764
2018-09-21,39.93
2018-09-24,41.031
2018-09-25,41.637
2018-09-26,39.753
2018-09-27,36.8
2018-09-28,37.028
2018-10-01,36.658
2018-10-02,38.201
2018-10-03,40.759
2018-10-04,43.656
2018-10-05,41.557
2018-10-08,41.557
2018-10-09,42.566
2018-10-10,42.892
2018-10-11,43.164
2018-10-12,41.017
2018-10-15,39.516
2018-10-16,38.215
2018-10-17,35.93
2018-10-18,39.268
2018-10-19,39.004
2018-10-22,39.531
2018-10-23,42.987
2018-10-24,45.034
2018-10-25,43.515
2018-10-26,49.628
2018-10-29,49.042
2018-10-30,51.885
2018-10-31,47.15
2018-11-01,45.498
2018-11-02,47.643
2018-11-05,47.242
2018-11-06,46.282
2018-11-07,40.785
2018-11-08,37.726
2018-11-09,39.69
2018-11-12,39.69
2018-11-13,42.825
2018-11-14,47.248
2018-11-15,47.205
2018-11-16,53.255
2018-11-19,55.957
2018-11-20,58.749
2018-11-21,56.206
2018-11-22,56.206
2018-11-23,54.228
2018-11-26,51.444
2018-11-27,50.459
2018-11-28,50.015
2018-11-29,48.259
2018-11-30,49.403
2018-12-03,48.185
2018-12-04,51.467
2018-12-05,49.946
2018-12-06,55.642
2018-12-07,55.438
2018-12-10,57.443
2018-12-11,57.257
2018-12-12,54.397
2018-12-13,52.52
2018-12-14,52.618
2018-12-17,54.608
2018-12-18,60.604
2018-12-19,53.537
2018-12-20,54.187
2018-12-21,56.11
2018-12-24,61.493
2018-12-25,61.493
2018-12-26,59.972
2018-12-27,64.672
2018-12-28,62.522
2018-12-31,66.134
2019-01-01,66.134
2019-01-02,61.69
2019-01-03,65.682
2019-01-04,64.39
2019-01-07,60.607
2019-01-08,58.202
2019-01-09,54.406
2019-01-10,53.965
2019-01-11,52.173
2019-01-14,54.897
2019-01-15,53.342
2019-01-16,50.195
2019-01-17,50.914
2019-01-18,50.236
2019-01-21,50.236
2019-01-22,54.367
2019-01-23,51.189
2019-01-24,50.781
2019-01-25,48.136
2019-01-28,48.735
2019-01-29,48.001
2019-01-30,46.272
2019-01-31,44.779
2019-02-01,42.936
2019-02-04,43.254
2019-02-05,42.334
2019-02-06,41.003
2019-02-07,42.308
2019-02-08,43.721
2019-02-11,42.231
2019-02-12,43.178
2019-02-13,42.313
2019-02-14,41.488
2019-02-15,40.201
2019-02-18,40.201
2019-02-19,41.009
2019-02-20,40.811
2019-02-21,45.066
2019-02-22,46.239
2019-02-25,44.659
2019-02-26,45.02
2019-02-27,45.53
2019-02-28,45.068
2019-03-01,44.507
2019-03-04,44.535
2019-03-05,44.16
2019-03-06,43.021
2019-03-07,43.253
2019-03-08,42.366
2019-03-11,43.386
2019-03-12,43.553
2019-03-13,43
2019-03-14,42.621
2019-03-15,42.93
2019-03-18,44.16
2019-03-19,41.427
2019-03-20,39.181
2019-03-21,40.206
2019-03-22,44.312
2019-03-25,53.583
2019-03-26,51.956
2019-03-27,58.221
2019-03-28,55.235
2019-03-29,55.53
2019-04-01,51.826
2019-04-02,54.278
2019-04-03,53.636
2019-04-04,50.525
2019-04-05,46.394
2019-04-08,46.661
2019-04-09,47.948
2019-04-10,48.503
2019-04-11,45.196
2019-04-12,46.885
2019-04-15,47.303
2019-04-16,47.471
2019-04-17,46.858
2019-04-18,45.788
2019-04-19,45.641
2019-04-22,47.778
2019-04-23,50.641
2019-04-24,51.901
2019-04-25,48.888
2019-04-26,49.828
2019-04-29,51.33
2019-04-30,52.738
2019-05-01,46.958
2019-05-02,44.202
2019-05-03,42.239
2019-05-06,47.91
2019-05-07,52.974
2019-05-08,49.891
2019-05-09,54.233
2019-05-10,52.448
2019-05-13,62.379
2019-05-14,60.554
2019-05-15,61.675
2019-05-16,60.113
2019-05-17,60.355
2019-05-20,64.985
2019-05-21,61.893
2019-05-22,58.356
2019-05-23,65.762
2019-05-24,64.46
2019-05-27,64.46
2019-05-28,69.469
2019-05-29,70.38628246
2019-05-30,68.00354302
2019-05-31,81.82127088
2019-06-03,84.25388653
2019-06-04,88.09954937
2019-06-05,92.86444688
2019-06-06,88.73327478
2019-06-07,84.04418295
2019-06-10,80.187797
2019-06-11,80.16300651
2019-06-12,82.78623384
2019-06-13,93.86137947
2019-06-14,99.02730067
2019-06-17,97.03725485
2019-06-18,97.03725485
2019-06-19,97.03725485
2019-06-20,91.12510189
2019-06-21,93.91567834
2019-06-24,92.61367005
2019-06-25,92.74841042
2019-06-26,82.16881707
2019-06-27,81.91036589
2019-06-28,81.91036589
2019-07-01,78.23912854
2019-07-02,81.86608361
2019-07-03,81.63709481
2019-07-04,81.63709481
2019-07-05,81.63709481
2019-07-08,75.67146406
2019-07-09,75.03109079
2019-07-10,73.9579056
2019-07-11,74.59427214
2019-07-12,74.59427214
2019-07-15,70.69686574
2019-07-16,69.16908751
2019-07-17,70.02239668
2019-07-18,72.52450156
2019-07-19,72.52450156
2019-07-22,69.40512396
2019-07-23,70.18495956
2019-07-24,69.1006054
2019-07-25,69.89891188
2019-07-26,69.89891188
2019-07-29,66.80783198
2019-07-30,66.80783198
2019-07-31,63.30892007
2019-08-01,72.7396472
2019-08-02,72.7396472
2019-08-05,86.22639444
2019-08-06,84.3702777
2019-08-07,85.86031594
2019-08-08,83.94074044
2019-08-09,83.94074044
2019-08-12,85.19595096
2019-08-13,79.94216782
2019-08-14,90.23868026
2019-08-15,95.55906225
2019-08-16,95.55906225
2019-08-19,95.55906225
2019-08-20,94.67434157
2019-08-21,90.31481705
2019-08-22,89.29894751
2019-08-23,89.29894751
2019-08-26,95.23975875
2019-08-27,93.94270881
2019-08-28,93.04692006
2019-08-29,89.48727004
2019-08-30,89.48727004
2019-09-02,89.48727004
2019-09-03,86.67197558
2019-09-04,84.4256244
2019-09-05,83.15737827
2019-09-06,83.15737827
2019-09-09,79.64595102
2019-09-10,79.98127782
2019-09-11,78.85713904
2019-09-12,78.43549294
2019-09-13,78.43549294
2019-09-16,85.56411459
2019-09-17,84.14898341
2019-09-18,76.53955055
2019-09-19,73.88894887
2019-09-20,73.88894887
2019-09-23,76.28505639
2019-09-24,78.29472313
2019-09-25,75.89767061
2019-09-26,75.56113231
2019-09-27,75.69190321
2019-09-30,72.46239857
2019-10-01,83.80571917
2019-10-02,90.65320117
2019-10-03,91.40024118
2019-10-04,91.40024118
2019-10-07,84.66540101
2019-10-08,83.15768639
2019-10-09,81.24433565
2019-10-10,81.60625481
2019-10-11,81.60625481
2019-10-14,81.60625481
2019-10-15,80.21007493
2019-10-16,79.8815501
2019-10-17,80.04591336
2019-10-18,82.65867236
2019-10-21,79.1946957
2019-10-22,76.92658033
2019-10-23,76.92658033
2019-10-24,71.80310343
2019-10-25,71.80310343
2019-10-28,67.2064342
2019-10-29,66.15655838
2019-10-30,62.15399861
2019-10-31,65.48510327
2019-11-01,65.48510327
2019-11-04,56.58667089
2019-11-05,56.06068488
2019-11-06,56.17092385
2019-11-07,58.74403629
2019-11-08,58.74403629
2019-11-11,58.74403629
2019-11-12,57.31093099
2019-11-13,55.68564256
2019-11-14,58.63930569
2019-11-15,58.63930569
2019-11-18,58.63930569
2019-11-19,56.14086833
2019-11-20,59.81694892
2019-11-21,58.15425444
2019-11-22,58.15425444
2019-11-25,54.8082746
2019-11-26,54.04710398
2019-11-27,51.70593257
2019-11-28,51.70593257
2019-11-29,51.70593257
2019-12-02,51.14773316
2019-12-03,58.27760641
2019-12-04,57.60763036
2019-12-05,59.56955616
2019-12-06,59.56955616
2019-12-09,57.84366488
2019-12-10,56.27228906
2019-12-11,50.53799992
2019-12-12,52.18725826
2019-12-13,52.18725826
2019-12-16,43.93512292
2019-12-17,42.31012481
2019-12-18,42.77791368
2019-12-19,42.46549431
2019-12-20,42.46549431
2019-12-23,43.32935213
2019-12-24,44.98353268
2019-12-25,44.98353268
2019-12-26,45.52696849
2019-12-27,45.52696849
2019-12-30,47.16631178
2019-12-31,44.61467232
2020-01-01,44.61467232
2020-01-02,45.41066219
2020-01-03,45.41066219
2020-01-06,49.84666596
2020-01-07,50.24701657
2020-01-08,49.28841363
2020-01-09,47.61969926
2020-01-10,47.61969926
2020-01-13,41.00307414
2020-01-14,40.56205047
2020-01-15,41.42959002
2020-01-16,40.84317809
2020-01-17,40.84317809
2020-01-20,40.84317809
2020-01-21,42.35276266
2020-01-22,41.50355714
2020-01-23,41.50355714
2020-01-24,41.50355714
2020-01-27,41.50355714
2020-01-28,54.79070529
2020-01-29,54.78468663
2020-01-30,59.95606814
2020-01-31,59.95606814
2020-02-03,67.03968878
2020-02-04,61.52944697
2020-02-05,57.43225383
2020-02-06,55.8347232
2020-02-07,55.8347232
2020-02-10,65.67816648
2020-02-11,62.5382288
2020-02-12,57.81256552
2020-02-13,58.2925029
2020-02-14,59.89706297
2020-02-20,66.55828939
2020-02-21,72.70524095
2020-02-24,84.51124897
2020-02-25,87.67424768
2020-02-26,86.92206492
2020-02-27,94.52688607
2020-02-28,116.3510032
2020-03-02,101.4606621
2020-03-03,101.2194693
2020-03-04,92.58978558
2020-03-05,99.7116179
2020-03-06,101.431129
2020-03-09,112.216385
2020-03-10,80.481232
2020-03-11,83.89472354
2020-03-12,91.33534294
2020-03-13,87.06154047
2020-03-16,68.13577765
2020-03-17,59.89374445
2020-03-18,82.72686682
2020-03-19,89.97156471
2020-03-20,76.83844546
2020-03-23,66.96152812
2020-03-24,50.92855933
2020-03-25,42.91831763
2020-03-26,46.54286645
2020-03-27,45.1311003
2020-03-30,45.41331211
2020-03-31,40.43364869
2020-04-01,39.22622184
2020-04-02,36.32463434
2020-04-03,32.36276483
2020-04-06,36.69386095
2020-04-07,45.06891046
2020-04-08,52.35284389
2020-04-09,48.66231627
